Indicator,Group,Subgroup,Phase,Time Period,Time Period Label,Time Period Start Date,Time Period End Date,Value,LowCI,HighCI,Confidence Interval,Quartile Range
"Took Prescription Medication for Mental Health, Last 4 Weeks",National Estimate,United States,2,13,"Aug 19 - Aug 31, 2020",8/19/2020,8/31/2020,19.4,19,19.8,19.0 - 19.8,Unknown
"Took Prescription Medication for Mental Health, Last 4 Weeks",By Age,18 - 29 years,2,13,"Aug 19 - Aug 31, 2020",8/19/2020,8/31/2020,18.7,17.2,20.3,17.2 - 20.3,Unknown
"Took Prescription Medication for Mental Health, Last 4 Weeks",By Age,30 - 39 years,2,13,"Aug 19 - Aug 31, 2020",8/19/2020,8/31/2020,18.3,17.3,19.2,17.3 - 19.2,Unknown
"Took Prescription Medication for Mental Health, Last 4 Weeks",By Age,40 - 49 years,2,13,"Aug 19 - Aug 31, 2020",8/19/2020,8/31/2020,20.4,19.5,21.3,19.5 - 21.3,Unknown
"Took Prescription Medication for Mental Health, Last 4 Weeks",By Age,50 - 59 years,2,13,"Aug 19 - Aug 31, 2020",8/19/2020,8/31/2020,21.2,20.2,22.2,20.2 - 22.2,Unknown
"Took Prescription Medication for Mental Health, Last 4 Weeks",By Age,60 - 69 years,2,13,"Aug 19 - Aug 31, 2020",8/19/2020,8/31/2020,19.7,18.7,20.7,18.7 - 20.7,Unknown
"Took Prescription Medication for Mental Health, Last 4 Weeks",By Age,70 - 79 years,2,13,"Aug 19 - Aug 31, 2020",8/19/2020,8/31/2020,18.4,17,19.9,17.0 - 19.9,Unknown
"Took Prescription Medication for Mental Health, Last 4 Weeks",By Age,80 years and above,2,13,"Aug 19 - Aug 31, 2020",8/19/2020,8/31/2020,13.8,11,17,11.0 - 17.0,Unknown
"Took Prescription Medication for Mental Health, Last 4 Weeks",By Sex,Male,2,13,"Aug 19 - Aug 31, 2020",8/19/2020,8/31/2020,13.7,13,14.3,13.0 - 14.3,Unknown
"Took Prescription Medication for Mental Health, Last 4 Weeks",By Sex,Female,2,13,"Aug 19 - Aug 31, 2020",8/19/2020,8/31/2020,24.6,24,25.2,24.0 - 25.2,Unknown
"Took Prescription Medication for Mental Health, Last 4 Weeks",By Presence of Symptoms of Anxiety/Depression,Did not experience symptoms of anxiety/depression in the past 4 weeks,2,13,"Aug 19 - Aug 31, 2020",8/19/2020,8/31/2020,11.6,11.2,12.1,11.2 - 12.1,Unknown
"Took Prescription Medication for Mental Health, Last 4 Weeks",By Presence of Symptoms of Anxiety/Depression,Experienced symptoms of anxiety/depression in past 4 weeks,2,13,"Aug 19 - Aug 31, 2020",8/19/2020,8/31/2020,33,32.1,33.9,32.1 - 33.9,Unknown
"Took Prescription Medication for Mental Health, Last 4 Weeks",By Race/Hispanic ethnicity,Hispanic or Latino,2,13,"Aug 19 - Aug 31, 2020",8/19/2020,8/31/2020,13.8,12.6,15,12.6 - 15.0,Unknown
"Took Prescription Medication for Mental Health, Last 4 Weeks",By Race/Hispanic ethnicity,"Non-Hispanic White, single race",2,13,"Aug 19 - Aug 31, 2020",8/19/2020,8/31/2020,22.5,22.1,23,22.1 - 23.0,Unknown
"Took Prescription Medication for Mental Health, Last 4 Weeks",By Race/Hispanic ethnicity,"Non-Hispanic Black, single race",2,13,"Aug 19 - Aug 31, 2020",8/19/2020,8/31/2020,12.6,11.4,13.9,11.4 - 13.9,Unknown
"Took Prescription Medication for Mental Health, Last 4 Weeks",By Race/Hispanic ethnicity,"Non-Hispanic Asian, single race",2,13,"Aug 19 - Aug 31, 2020",8/19/2020,8/31/2020,8.1,6.9,9.4,6.9 - 9.4,Unknown
"Took Prescription Medication for Mental Health, Last 4 Weeks",By Race/Hispanic ethnicity,"Non-Hispanic, other races and multiple races",2,13,"Aug 19 - Aug 31, 2020",8/19/2020,8/31/2020,22.1,19.3,25.2,19.3 - 25.2,Unknown
"Took Prescription Medication for Mental Health, Last 4 Weeks",By Education,Less than a high school diploma,2,13,"Aug 19 - Aug 31, 2020",8/19/2020,8/31/2020,17.4,14.9,20.1,14.9 - 20.1,Unknown
"Took Prescription Medication for Mental Health, Last 4 Weeks",By Education,High school diploma or GED,2,13,"Aug 19 - Aug 31, 2020",8/19/2020,8/31/2020,18.1,17.2,19.1,17.2 - 19.1,Unknown
"Took Prescription Medication for Mental Health, Last 4 Weeks",By Education,Some college/Associate's degree,2,13,"Aug 19 - Aug 31, 2020",8/19/2020,8/31/2020,21,20.2,21.8,20.2 - 21.8,Unknown
"Took Prescription Medication for Mental Health, Last 4 Weeks",By Education,Bachelor's degree or higher,2,13,"Aug 19 - Aug 31, 2020",8/19/2020,8/31/2020,19.4,19,19.9,19.0 - 19.9,Unknown
"Took Prescription Medication for Mental Health, Last 4 Weeks",By State,Alabama,2,13,"Aug 19 - Aug 31, 2020",8/19/2020,8/31/2020,22.3,19.6,25.1,19.6 - 25.1,20.6-22.5
"Took Prescription Medication for Mental Health, Last 4 Weeks",By State,Alaska,2,13,"Aug 19 - Aug 31, 2020",8/19/2020,8/31/2020,16.7,14.2,19.5,14.2 - 19.5,12.2-18.4
"Took Prescription Medication for Mental Health, Last 4 Weeks",By State,Arizona,2,13,"Aug 19 - Aug 31, 2020",8/19/2020,8/31/2020,18.3,16.1,20.7,16.1 - 20.7,12.2-18.4
"Took Prescription Medication for Mental Health, Last 4 Weeks",By State,Arkansas,2,13,"Aug 19 - Aug 31, 2020",8/19/2020,8/31/2020,24.1,20.8,27.7,20.8 - 27.7,22.6-26.8
"Took Prescription Medication for Mental Health, Last 4 Weeks",By State,California,2,13,"Aug 19 - Aug 31, 2020",8/19/2020,8/31/2020,15.8,14.4,17.4,14.4 - 17.4,12.2-18.4
"Took Prescription Medication for Mental Health, Last 4 Weeks",By State,Colorado,2,13,"Aug 19 - Aug 31, 2020",8/19/2020,8/31/2020,17,15.1,19.1,15.1 - 19.1,12.2-18.4
"Took Prescription Medication for Mental Health, Last 4 Weeks",By State,Connecticut,2,13,"Aug 19 - Aug 31, 2020",8/19/2020,8/31/2020,18.8,15.7,22.3,15.7 - 22.3,18.5-20.5
"Took Prescription Medication for Mental Health, Last 4 Weeks",By State,Delaware,2,13,"Aug 19 - Aug 31, 2020",8/19/2020,8/31/2020,19.8,16.4,23.6,16.4 - 23.6,18.5-20.5
"Took Prescription Medication for Mental Health, Last 4 Weeks",By State,District of Columbia,2,13,"Aug 19 - Aug 31, 2020",8/19/2020,8/31/2020,18,13.8,22.8,13.8 - 22.8,12.2-18.4
"Took Prescription Medication for Mental Health, Last 4 Weeks",By State,Florida,2,13,"Aug 19 - Aug 31, 2020",8/19/2020,8/31/2020,19,16.4,21.7,16.4 - 21.7,18.5-20.5
"Took Prescription Medication for Mental Health, Last 4 Weeks",By State,Georgia,2,13,"Aug 19 - Aug 31, 2020",8/19/2020,8/31/2020,21.1,18.5,23.9,18.5 - 23.9,20.6-22.5
"Took Prescription Medication for Mental Health, Last 4 Weeks",By State,Hawaii,2,13,"Aug 19 - Aug 31, 2020",8/19/2020,8/31/2020,12.2,9.8,15,9.8 - 15.0,12.2-18.4
"Took Prescription Medication for Mental Health, Last 4 Weeks",By State,Idaho,2,13,"Aug 19 - Aug 31, 2020",8/19/2020,8/31/2020,22.5,19.8,25.4,19.8 - 25.4,20.6-22.5
"Took Prescription Medication for Mental Health, Last 4 Weeks",By State,Illinois,2,13,"Aug 19 - Aug 31, 2020",8/19/2020,8/31/2020,17.2,14.9,19.6,14.9 - 19.6,12.2-18.4
"Took Prescription Medication for Mental Health, Last 4 Weeks",By State,Indiana,2,13,"Aug 19 - Aug 31, 2020",8/19/2020,8/31/2020,23.5,20.7,26.4,20.7 - 26.4,22.6-26.8
"Took Prescription Medication for Mental Health, Last 4 Weeks",By State,Iowa,2,13,"Aug 19 - Aug 31, 2020",8/19/2020,8/31/2020,23.1,19.9,26.5,19.9 - 26.5,22.6-26.8
"Took Prescription Medication for Mental Health, Last 4 Weeks",By State,Kansas,2,13,"Aug 19 - Aug 31, 2020",8/19/2020,8/31/2020,21.2,17.9,24.7,17.9 - 24.7,20.6-22.5
"Took Prescription Medication for Mental Health, Last 4 Weeks",By State,Kentucky,2,13,"Aug 19 - Aug 31, 2020",8/19/2020,8/31/2020,26.8,23,30.9,23.0 - 30.9,22.6-26.8
"Took Prescription Medication for Mental Health, Last 4 Weeks",By State,Louisiana,2,13,"Aug 19 - Aug 31, 2020",8/19/2020,8/31/2020,23.6,20.6,26.9,20.6 - 26.9,22.6-26.8
"Took Prescription Medication for Mental Health, Last 4 Weeks",By State,Maine,2,13,"Aug 19 - Aug 31, 2020",8/19/2020,8/31/2020,23.1,19.4,27.1,19.4 - 27.1,22.6-26.8
"Took Prescription Medication for Mental Health, Last 4 Weeks",By State,Maryland,2,13,"Aug 19 - Aug 31, 2020",8/19/2020,8/31/2020,17.1,15.1,19.3,15.1 - 19.3,12.2-18.4
"Took Prescription Medication for Mental Health, Last 4 Weeks",By State,Massachusetts,2,13,"Aug 19 - Aug 31, 2020",8/19/2020,8/31/2020,19.9,18,21.9,18.0 - 21.9,18.5-20.5
"Took Prescription Medication for Mental Health, Last 4 Weeks",By State,Michigan,2,13,"Aug 19 - Aug 31, 2020",8/19/2020,8/31/2020,20.4,17.7,23.3,17.7 - 23.3,18.5-20.5
"Took Prescription Medication for Mental Health, Last 4 Weeks",By State,Minnesota,2,13,"Aug 19 - Aug 31, 2020",8/19/2020,8/31/2020,20.6,18.3,23,18.3 - 23.0,20.6-22.5
"Took Prescription Medication for Mental Health, Last 4 Weeks",By State,Mississippi,2,13,"Aug 19 - Aug 31, 2020",8/19/2020,8/31/2020,20.8,17.4,24.7,17.4 - 24.7,20.6-22.5
"Took Prescription Medication for Mental Health, Last 4 Weeks",By State,Missouri,2,13,"Aug 19 - Aug 31, 2020",8/19/2020,8/31/2020,23.7,21,26.6,21.0 - 26.6,22.6-26.8
"Took Prescription Medication for Mental Health, Last 4 Weeks",By State,Montana,2,13,"Aug 19 - Aug 31, 2020",8/19/2020,8/31/2020,18.4,15.5,21.5,15.5 - 21.5,12.2-18.4
"Took Prescription Medication for Mental Health, Last 4 Weeks",By State,Nebraska,2,13,"Aug 19 - Aug 31, 2020",8/19/2020,8/31/2020,23.6,20.1,27.3,20.1 - 27.3,22.6-26.8
"Took Prescription Medication for Mental Health, Last 4 Weeks",By State,Nevada,2,13,"Aug 19 - Aug 31, 2020",8/19/2020,8/31/2020,15,12.8,17.5,12.8 - 17.5,12.2-18.4
"Took Prescription Medication for Mental Health, Last 4 Weeks",By State,New Hampshire,2,13,"Aug 19 - Aug 31, 2020",8/19/2020,8/31/2020,21.1,17.4,25.2,17.4 - 25.2,20.6-22.5
"Took Prescription Medication for Mental Health, Last 4 Weeks",By State,New Jersey,2,13,"Aug 19 - Aug 31, 2020",8/19/2020,8/31/2020,18.7,16.2,21.5,16.2 - 21.5,18.5-20.5
"Took Prescription Medication for Mental Health, Last 4 Weeks",By State,New Mexico,2,13,"Aug 19 - Aug 31, 2020",8/19/2020,8/31/2020,18.5,15.5,21.9,15.5 - 21.9,18.5-20.5
"Took Prescription Medication for Mental Health, Last 4 Weeks",By State,New York,2,13,"Aug 19 - Aug 31, 2020",8/19/2020,8/31/2020,17.8,15.3,20.5,15.3 - 20.5,12.2-18.4
"Took Prescription Medication for Mental Health, Last 4 Weeks",By State,North Carolina,2,13,"Aug 19 - Aug 31, 2020",8/19/2020,8/31/2020,19.4,16.7,22.3,16.7 - 22.3,18.5-20.5
"Took Prescription Medication for Mental Health, Last 4 Weeks",By State,North Dakota,2,13,"Aug 19 - Aug 31, 2020",8/19/2020,8/31/2020,19.6,15.8,23.9,15.8 - 23.9,18.5-20.5
"Took Prescription Medication for Mental Health, Last 4 Weeks",By State,Ohio,2,13,"Aug 19 - Aug 31, 2020",8/19/2020,8/31/2020,21.7,18.4,25.4,18.4 - 25.4,20.6-22.5
"Took Prescription Medication for Mental Health, Last 4 Weeks",By State,Oklahoma,2,13,"Aug 19 - Aug 31, 2020",8/19/2020,8/31/2020,21.9,19.1,24.8,19.1 - 24.8,20.6-22.5
"Took Prescription Medication for Mental Health, Last 4 Weeks",By State,Oregon,2,13,"Aug 19 - Aug 31, 2020",8/19/2020,8/31/2020,22.9,20.1,25.9,20.1 - 25.9,22.6-26.8
"Took Prescription Medication for Mental Health, Last 4 Weeks",By State,Pennsylvania,2,13,"Aug 19 - Aug 31, 2020",8/19/2020,8/31/2020,22.1,19.1,25.3,19.1 - 25.3,20.6-22.5
"Took Prescription Medication for Mental Health, Last 4 Weeks",By State,Rhode Island,2,13,"Aug 19 - Aug 31, 2020",8/19/2020,8/31/2020,23.1,19.4,27.2,19.4 - 27.2,22.6-26.8
"Took Prescription Medication for Mental Health, Last 4 Weeks",By State,South Carolina,2,13,"Aug 19 - Aug 31, 2020",8/19/2020,8/31/2020,20.5,17.8,23.4,17.8 - 23.4,18.5-20.5
"Took Prescription Medication for Mental Health, Last 4 Weeks",By State,South Dakota,2,13,"Aug 19 - Aug 31, 2020",8/19/2020,8/31/2020,17.8,14.2,21.7,14.2 - 21.7,12.2-18.4
"Took Prescription Medication for Mental Health, Last 4 Weeks",By State,Tennessee,2,13,"Aug 19 - Aug 31, 2020",8/19/2020,8/31/2020,21.2,18.4,24.1,18.4 - 24.1,20.6-22.5
"Took Prescription Medication for Mental Health, Last 4 Weeks",By State,Texas,2,13,"Aug 19 - Aug 31, 2020",8/19/2020,8/31/2020,16.4,14.4,18.5,14.4 - 18.5,12.2-18.4
"Took Prescription Medication for Mental Health, Last 4 Weeks",By State,Utah,2,13,"Aug 19 - Aug 31, 2020",8/19/2020,8/31/2020,23.9,21.1,26.8,21.1 - 26.8,22.6-26.8
"Took Prescription Medication for Mental Health, Last 4 Weeks",By State,Vermont,2,13,"Aug 19 - Aug 31, 2020",8/19/2020,8/31/2020,23.2,18.5,28.5,18.5 - 28.5,22.6-26.8
"Took Prescription Medication for Mental Health, Last 4 Weeks",By State,Virginia,2,13,"Aug 19 - Aug 31, 2020",8/19/2020,8/31/2020,18.9,16.6,21.5,16.6 - 21.5,18.5-20.5
"Took Prescription Medication for Mental Health, Last 4 Weeks",By State,Washington,2,13,"Aug 19 - Aug 31, 2020",8/19/2020,8/31/2020,20.9,19.3,22.6,19.3 - 22.6,20.6-22.5
"Took Prescription Medication for Mental Health, Last 4 Weeks",By State,West Virginia,2,13,"Aug 19 - Aug 31, 2020",8/19/2020,8/31/2020,22.4,18.8,26.3,18.8 - 26.3,20.6-22.5
"Took Prescription Medication for Mental Health, Last 4 Weeks",By State,Wisconsin,2,13,"Aug 19 - Aug 31, 2020",8/19/2020,8/31/2020,19.7,17.3,22.2,17.3 - 22.2,18.5-20.5
"Took Prescription Medication for Mental Health, Last 4 Weeks",By State,Wyoming,2,13,"Aug 19 - Aug 31, 2020",8/19/2020,8/31/2020,18.7,15,22.7,15.0 - 22.7,18.5-20.5
"Received Counseling or Therapy, Last 4 Weeks",National Estimate,United States,2,13,"Aug 19 - Aug 31, 2020",8/19/2020,8/31/2020,8.7,8.3,9.2,8.3 - 9.2,Unknown
"Received Counseling or Therapy, Last 4 Weeks",By Age,18 - 29 years,2,13,"Aug 19 - Aug 31, 2020",8/19/2020,8/31/2020,12.2,10.9,13.7,10.9 - 13.7,Unknown
"Received Counseling or Therapy, Last 4 Weeks",By Age,30 - 39 years,2,13,"Aug 19 - Aug 31, 2020",8/19/2020,8/31/2020,11.7,11,12.6,11.0 - 12.6,Unknown
"Received Counseling or Therapy, Last 4 Weeks",By Age,40 - 49 years,2,13,"Aug 19 - Aug 31, 2020",8/19/2020,8/31/2020,10,9.4,10.5,9.4 - 10.5,Unknown
"Received Counseling or Therapy, Last 4 Weeks",By Age,50 - 59 years,2,13,"Aug 19 - Aug 31, 2020",8/19/2020,8/31/2020,8.4,7.6,9.2,7.6 - 9.2,Unknown
"Received Counseling or Therapy, Last 4 Weeks",By Age,60 - 69 years,2,13,"Aug 19 - Aug 31, 2020",8/19/2020,8/31/2020,5.4,4.9,6,4.9 - 6.0,Unknown
"Received Counseling or Therapy, Last 4 Weeks",By Age,70 - 79 years,2,13,"Aug 19 - Aug 31, 2020",8/19/2020,8/31/2020,4.1,3.4,5,3.4 - 5.0,Unknown
"Received Counseling or Therapy, Last 4 Weeks",By Age,80 years and above,2,13,"Aug 19 - Aug 31, 2020",8/19/2020,8/31/2020,3,2,4.4,2.0 - 4.4,Unknown
"Received Counseling or Therapy, Last 4 Weeks",By Sex,Male,2,13,"Aug 19 - Aug 31, 2020",8/19/2020,8/31/2020,6.7,6.2,7.3,6.2 - 7.3,Unknown
"Received Counseling or Therapy, Last 4 Weeks",By Sex,Female,2,13,"Aug 19 - Aug 31, 2020",8/19/2020,8/31/2020,10.6,10.1,11.2,10.1 - 11.2,Unknown
"Received Counseling or Therapy, Last 4 Weeks",By Presence of Symptoms of Anxiety/Depression,Did not experience symptoms of anxiety/depression in the past 4 weeks,2,13,"Aug 19 - Aug 31, 2020",8/19/2020,8/31/2020,4.8,4.5,5.1,4.5 - 5.1,Unknown
"Received Counseling or Therapy, Last 4 Weeks",By Presence of Symptoms of Anxiety/Depression,Experienced symptoms of anxiety/depression in past 4 weeks,2,13,"Aug 19 - Aug 31, 2020",8/19/2020,8/31/2020,15.7,14.8,16.6,14.8 - 16.6,Unknown
"Received Counseling or Therapy, Last 4 Weeks",By Race/Hispanic ethnicity,Hispanic or Latino,2,13,"Aug 19 - Aug 31, 2020",8/19/2020,8/31/2020,7.3,6.2,8.4,6.2 - 8.4,Unknown
"Received Counseling or Therapy, Last 4 Weeks",By Race/Hispanic ethnicity,"Non-Hispanic White, single race",2,13,"Aug 19 - Aug 31, 2020",8/19/2020,8/31/2020,9.4,8.9,9.8,8.9 - 9.8,Unknown
"Received Counseling or Therapy, Last 4 Weeks",By Race/Hispanic ethnicity,"Non-Hispanic Black, single race",2,13,"Aug 19 - Aug 31, 2020",8/19/2020,8/31/2020,7.7,6.7,8.7,6.7 - 8.7,Unknown
"Received Counseling or Therapy, Last 4 Weeks",By Race/Hispanic ethnicity,"Non-Hispanic Asian, single race",2,13,"Aug 19 - Aug 31, 2020",8/19/2020,8/31/2020,6.2,5.1,7.5,5.1 - 7.5,Unknown
"Received Counseling or Therapy, Last 4 Weeks",By Race/Hispanic ethnicity,"Non-Hispanic, other races and multiple races",2,13,"Aug 19 - Aug 31, 2020",8/19/2020,8/31/2020,10.6,9,12.4,9.0 - 12.4,Unknown
"Received Counseling or Therapy, Last 4 Weeks",By Education,Less than a high school diploma,2,13,"Aug 19 - Aug 31, 2020",8/19/2020,8/31/2020,7.1,5.6,8.8,5.6 - 8.8,Unknown
"Received Counseling or Therapy, Last 4 Weeks",By Education,High school diploma or GED,2,13,"Aug 19 - Aug 31, 2020",8/19/2020,8/31/2020,6.6,5.9,7.5,5.9 - 7.5,Unknown
"Received Counseling or Therapy, Last 4 Weeks",By Education,Some college/Associate's degree,2,13,"Aug 19 - Aug 31, 2020",8/19/2020,8/31/2020,8.7,8,9.4,8.0 - 9.4,Unknown
"Received Counseling or Therapy, Last 4 Weeks",By Education,Bachelor's degree or higher,2,13,"Aug 19 - Aug 31, 2020",8/19/2020,8/31/2020,11.1,10.6,11.5,10.6 - 11.5,Unknown
"Received Counseling or Therapy, Last 4 Weeks",By State,Alabama,2,13,"Aug 19 - Aug 31, 2020",8/19/2020,8/31/2020,8.5,6.5,10.9,6.5 - 10.9,7.2-8.7
"Received Counseling or Therapy, Last 4 Weeks",By State,Alaska,2,13,"Aug 19 - Aug 31, 2020",8/19/2020,8/31/2020,7.5,6.2,9,6.2 - 9.0,7.2-8.7
"Received Counseling or Therapy, Last 4 Weeks",By State,Arizona,2,13,"Aug 19 - Aug 31, 2020",8/19/2020,8/31/2020,7.3,5.6,9.3,5.6 - 9.3,7.2-8.7
"Received Counseling or Therapy, Last 4 Weeks",By State,Arkansas,2,13,"Aug 19 - Aug 31, 2020",8/19/2020,8/31/2020,6.1,4.4,8.1,4.4 - 8.1,4.9-7.1
"Received Counseling or Therapy, Last 4 Weeks",By State,California,2,13,"Aug 19 - Aug 31, 2020",8/19/2020,8/31/2020,9.5,8.1,11,8.1 - 11.0,8.8-10.0
"Received Counseling or Therapy, Last 4 Weeks",By State,Colorado,2,13,"Aug 19 - Aug 31, 2020",8/19/2020,8/31/2020,10.1,8.4,12.1,8.4 - 12.1,10.1-19.1
"Received Counseling or Therapy, Last 4 Weeks",By State,Connecticut,2,13,"Aug 19 - Aug 31, 2020",8/19/2020,8/31/2020,12.3,9.7,15.3,9.7 - 15.3,10.1-19.1
"Received Counseling or Therapy, Last 4 Weeks",By State,Delaware,2,13,"Aug 19 - Aug 31, 2020",8/19/2020,8/31/2020,10,7.4,13,7.4 - 13.0,8.8-10.0
"Received Counseling or Therapy, Last 4 Weeks",By State,District of Columbia,2,13,"Aug 19 - Aug 31, 2020",8/19/2020,8/31/2020,19.1,13.9,25.3,13.9 - 25.3,10.1-19.1
"Received Counseling or Therapy, Last 4 Weeks",By State,Florida,2,13,"Aug 19 - Aug 31, 2020",8/19/2020,8/31/2020,7.8,6.4,9.5,6.4 - 9.5,7.2-8.7
"Received Counseling or Therapy, Last 4 Weeks",By State,Georgia,2,13,"Aug 19 - Aug 31, 2020",8/19/2020,8/31/2020,7.9,5.9,10.2,5.9 - 10.2,7.2-8.7
"Received Counseling or Therapy, Last 4 Weeks",By State,Hawaii,2,13,"Aug 19 - Aug 31, 2020",8/19/2020,8/31/2020,11.9,8.4,16.1,8.4 - 16.1,10.1-19.1
"Received Counseling or Therapy, Last 4 Weeks",By State,Idaho,2,13,"Aug 19 - Aug 31, 2020",8/19/2020,8/31/2020,8.3,6.5,10.4,6.5 - 10.4,7.2-8.7
"Received Counseling or Therapy, Last 4 Weeks",By State,Illinois,2,13,"Aug 19 - Aug 31, 2020",8/19/2020,8/31/2020,8.8,7.2,10.7,7.2 - 10.7,8.8-10.0
"Received Counseling or Therapy, Last 4 Weeks",By State,Indiana,2,13,"Aug 19 - Aug 31, 2020",8/19/2020,8/31/2020,6.8,5.2,8.7,5.2 - 8.7,4.9-7.1
"Received Counseling or Therapy, Last 4 Weeks",By State,Iowa,2,13,"Aug 19 - Aug 31, 2020",8/19/2020,8/31/2020,8.1,6.6,9.7,6.6 - 9.7,7.2-8.7
"Received Counseling or Therapy, Last 4 Weeks",By State,Kansas,2,13,"Aug 19 - Aug 31, 2020",8/19/2020,8/31/2020,7.7,6,9.7,6.0 - 9.7,7.2-8.7
"Received Counseling or Therapy, Last 4 Weeks",By State,Kentucky,2,13,"Aug 19 - Aug 31, 2020",8/19/2020,8/31/2020,5.8,4.2,7.9,4.2 - 7.9,4.9-7.1
"Received Counseling or Therapy, Last 4 Weeks",By State,Louisiana,2,13,"Aug 19 - Aug 31, 2020",8/19/2020,8/31/2020,9.5,7.3,12.1,7.3 - 12.1,8.8-10.0
"Received Counseling or Therapy, Last 4 Weeks",By State,Maine,2,13,"Aug 19 - Aug 31, 2020",8/19/2020,8/31/2020,12.4,9.2,16.1,9.2 - 16.1,10.1-19.1
"Received Counseling or Therapy, Last 4 Weeks",By State,Maryland,2,13,"Aug 19 - Aug 31, 2020",8/19/2020,8/31/2020,8.7,7.5,10.1,7.5 - 10.1,7.2-8.7
"Received Counseling or Therapy, Last 4 Weeks",By State,Massachusetts,2,13,"Aug 19 - Aug 31, 2020",8/19/2020,8/31/2020,12.7,11.3,14.2,11.3 - 14.2,10.1-19.1
"Received Counseling or Therapy, Last 4 Weeks",By State,Michigan,2,13,"Aug 19 - Aug 31, 2020",8/19/2020,8/31/2020,9,7.2,11.2,7.2 - 11.2,8.8-10.0
"Received Counseling or Therapy, Last 4 Weeks",By State,Minnesota,2,13,"Aug 19 - Aug 31, 2020",8/19/2020,8/31/2020,9.5,8.2,10.9,8.2 - 10.9,8.8-10.0
"Received Counseling or Therapy, Last 4 Weeks",By State,Mississippi,2,13,"Aug 19 - Aug 31, 2020",8/19/2020,8/31/2020,6.8,4.8,9.3,4.8 - 9.3,4.9-7.1
"Received Counseling or Therapy, Last 4 Weeks",By State,Missouri,2,13,"Aug 19 - Aug 31, 2020",8/19/2020,8/31/2020,7.9,5.9,10.2,5.9 - 10.2,7.2-8.7
"Received Counseling or Therapy, Last 4 Weeks",By State,Montana,2,13,"Aug 19 - Aug 31, 2020",8/19/2020,8/31/2020,9.2,7.1,11.7,7.1 - 11.7,8.8-10.0
"Received Counseling or Therapy, Last 4 Weeks",By State,Nebraska,2,13,"Aug 19 - Aug 31, 2020",8/19/2020,8/31/2020,6.8,5,8.9,5.0 - 8.9,4.9-7.1
"Received Counseling or Therapy, Last 4 Weeks",By State,Nevada,2,13,"Aug 19 - Aug 31, 2020",8/19/2020,8/31/2020,6.7,5.3,8.3,5.3 - 8.3,4.9-7.1
"Received Counseling or Therapy, Last 4 Weeks",By State,New Hampshire,2,13,"Aug 19 - Aug 31, 2020",8/19/2020,8/31/2020,7.1,5.4,9.2,5.4 - 9.2,4.9-7.1
"Received Counseling or Therapy, Last 4 Weeks",By State,New Jersey,2,13,"Aug 19 - Aug 31, 2020",8/19/2020,8/31/2020,9.3,7.7,11,7.7 - 11.0,8.8-10.0
"Received Counseling or Therapy, Last 4 Weeks",By State,New Mexico,2,13,"Aug 19 - Aug 31, 2020",8/19/2020,8/31/2020,10.1,8,12.5,8.0 - 12.5,10.1-19.1
"Received Counseling or Therapy, Last 4 Weeks",By State,New York,2,13,"Aug 19 - Aug 31, 2020",8/19/2020,8/31/2020,10.5,9,12,9.0 - 12.0,10.1-19.1
"Received Counseling or Therapy, Last 4 Weeks",By State,North Carolina,2,13,"Aug 19 - Aug 31, 2020",8/19/2020,8/31/2020,8.9,6.9,11.2,6.9 - 11.2,8.8-10.0
"Received Counseling or Therapy, Last 4 Weeks",By State,North Dakota,2,13,"Aug 19 - Aug 31, 2020",8/19/2020,8/31/2020,4.9,3.3,6.9,3.3 - 6.9,4.9-7.1
"Received Counseling or Therapy, Last 4 Weeks",By State,Ohio,2,13,"Aug 19 - Aug 31, 2020",8/19/2020,8/31/2020,9.6,7.4,12.1,7.4 - 12.1,8.8-10.0
"Received Counseling or Therapy, Last 4 Weeks",By State,Oklahoma,2,13,"Aug 19 - Aug 31, 2020",8/19/2020,8/31/2020,7.5,5.5,9.9,5.5 - 9.9,7.2-8.7
"Received Counseling or Therapy, Last 4 Weeks",By State,Oregon,2,13,"Aug 19 - Aug 31, 2020",8/19/2020,8/31/2020,13,11,15.2,11.0 - 15.2,10.1-19.1
"Received Counseling or Therapy, Last 4 Weeks",By State,Pennsylvania,2,13,"Aug 19 - Aug 31, 2020",8/19/2020,8/31/2020,9.3,7.9,10.8,7.9 - 10.8,8.8-10.0
"Received Counseling or Therapy, Last 4 Weeks",By State,Rhode Island,2,13,"Aug 19 - Aug 31, 2020",8/19/2020,8/31/2020,13.5,10.6,17,10.6 - 17.0,10.1-19.1
"Received Counseling or Therapy, Last 4 Weeks",By State,South Carolina,2,13,"Aug 19 - Aug 31, 2020",8/19/2020,8/31/2020,5.4,3.8,7.5,3.8 - 7.5,4.9-7.1
"Received Counseling or Therapy, Last 4 Weeks",By State,South Dakota,2,13,"Aug 19 - Aug 31, 2020",8/19/2020,8/31/2020,6.2,4.3,8.6,4.3 - 8.6,4.9-7.1
"Received Counseling or Therapy, Last 4 Weeks",By State,Tennessee,2,13,"Aug 19 - Aug 31, 2020",8/19/2020,8/31/2020,8.2,6.5,10.2,6.5 - 10.2,7.2-8.7
"Received Counseling or Therapy, Last 4 Weeks",By State,Texas,2,13,"Aug 19 - Aug 31, 2020",8/19/2020,8/31/2020,6.7,5.5,8.2,5.5 - 8.2,4.9-7.1
"Received Counseling or Therapy, Last 4 Weeks",By State,Utah,2,13,"Aug 19 - Aug 31, 2020",8/19/2020,8/31/2020,9.4,8,10.9,8.0 - 10.9,8.8-10.0
"Received Counseling or Therapy, Last 4 Weeks",By State,Vermont,2,13,"Aug 19 - Aug 31, 2020",8/19/2020,8/31/2020,11.4,8.8,14.5,8.8 - 14.5,10.1-19.1
"Received Counseling or Therapy, Last 4 Weeks",By State,Virginia,2,13,"Aug 19 - Aug 31, 2020",8/19/2020,8/31/2020,9.3,7.7,11.2,7.7 - 11.2,8.8-10.0
"Received Counseling or Therapy, Last 4 Weeks",By State,Washington,2,13,"Aug 19 - Aug 31, 2020",8/19/2020,8/31/2020,10.3,8.8,11.9,8.8 - 11.9,10.1-19.1
"Received Counseling or Therapy, Last 4 Weeks",By State,West Virginia,2,13,"Aug 19 - Aug 31, 2020",8/19/2020,8/31/2020,5.1,3.6,6.9,3.6 - 6.9,4.9-7.1
"Received Counseling or Therapy, Last 4 Weeks",By State,Wisconsin,2,13,"Aug 19 - Aug 31, 2020",8/19/2020,8/31/2020,7.2,5.9,8.6,5.9 - 8.6,7.2-8.7
"Received Counseling or Therapy, Last 4 Weeks",By State,Wyoming,2,13,"Aug 19 - Aug 31, 2020",8/19/2020,8/31/2020,5.3,3.8,7.2,3.8 - 7.2,4.9-7.1
"Took Prescription Medication for Mental Health And/Or Received Counseling or Therapy, Last 4 Weeks",National Estimate,United States,2,13,"Aug 19 - Aug 31, 2020",8/19/2020,8/31/2020,22.4,22,22.9,22.0 - 22.9,Unknown
"Took Prescription Medication for Mental Health And/Or Received Counseling or Therapy, Last 4 Weeks",By Age,18 - 29 years,2,13,"Aug 19 - Aug 31, 2020",8/19/2020,8/31/2020,23.3,21.5,25.2,21.5 - 25.2,Unknown
"Took Prescription Medication for Mental Health And/Or Received Counseling or Therapy, Last 4 Weeks",By Age,30 - 39 years,2,13,"Aug 19 - Aug 31, 2020",8/19/2020,8/31/2020,23.1,22.1,24.1,22.1 - 24.1,Unknown
"Took Prescription Medication for Mental Health And/Or Received Counseling or Therapy, Last 4 Weeks",By Age,40 - 49 years,2,13,"Aug 19 - Aug 31, 2020",8/19/2020,8/31/2020,23.6,22.8,24.5,22.8 - 24.5,Unknown
"Took Prescription Medication for Mental Health And/Or Received Counseling or Therapy, Last 4 Weeks",By Age,50 - 59 years,2,13,"Aug 19 - Aug 31, 2020",8/19/2020,8/31/2020,23.9,22.8,25.1,22.8 - 25.1,Unknown
"Took Prescription Medication for Mental Health And/Or Received Counseling or Therapy, Last 4 Weeks",By Age,60 - 69 years,2,13,"Aug 19 - Aug 31, 2020",8/19/2020,8/31/2020,21.2,20.2,22.2,20.2 - 22.2,Unknown
"Took Prescription Medication for Mental Health And/Or Received Counseling or Therapy, Last 4 Weeks",By Age,70 - 79 years,2,13,"Aug 19 - Aug 31, 2020",8/19/2020,8/31/2020,19.6,18.1,21.1,18.1 - 21.1,Unknown
"Took Prescription Medication for Mental Health And/Or Received Counseling or Therapy, Last 4 Weeks",By Age,80 years and above,2,13,"Aug 19 - Aug 31, 2020",8/19/2020,8/31/2020,14.8,12,17.9,12.0 - 17.9,Unknown
"Took Prescription Medication for Mental Health And/Or Received Counseling or Therapy, Last 4 Weeks",By Sex,Male,2,13,"Aug 19 - Aug 31, 2020",8/19/2020,8/31/2020,16.3,15.6,17.1,15.6 - 17.1,Unknown
"Took Prescription Medication for Mental Health And/Or Received Counseling or Therapy, Last 4 Weeks",By Sex,Female,2,13,"Aug 19 - Aug 31, 2020",8/19/2020,8/31/2020,28,27.3,28.7,27.3 - 28.7,Unknown
"Took Prescription Medication for Mental Health And/Or Received Counseling or Therapy, Last 4 Weeks",By Presence of Symptoms of Anxiety/Depression,Did not experience symptoms of anxiety/depression in the past 4 weeks,2,13,"Aug 19 - Aug 31, 2020",8/19/2020,8/31/2020,13.9,13.4,14.4,13.4 - 14.4,Unknown
"Took Prescription Medication for Mental Health And/Or Received Counseling or Therapy, Last 4 Weeks",By Presence of Symptoms of Anxiety/Depression,Experienced symptoms of anxiety/depression in past 4 weeks,2,13,"Aug 19 - Aug 31, 2020",8/19/2020,8/31/2020,37.5,36.5,38.5,36.5 - 38.5,Unknown
"Took Prescription Medication for Mental Health And/Or Received Counseling or Therapy, Last 4 Weeks",By Race/Hispanic ethnicity,Hispanic or Latino,2,13,"Aug 19 - Aug 31, 2020",8/19/2020,8/31/2020,17.2,15.8,18.6,15.8 - 18.6,Unknown
"Took Prescription Medication for Mental Health And/Or Received Counseling or Therapy, Last 4 Weeks",By Race/Hispanic ethnicity,"Non-Hispanic White, single race",2,13,"Aug 19 - Aug 31, 2020",8/19/2020,8/31/2020,25.6,25,26.1,25.0 - 26.1,Unknown
"Took Prescription Medication for Mental Health And/Or Received Counseling or Therapy, Last 4 Weeks",By Race/Hispanic ethnicity,"Non-Hispanic Black, single race",2,13,"Aug 19 - Aug 31, 2020",8/19/2020,8/31/2020,15.6,14.2,17.1,14.2 - 17.1,Unknown
"Took Prescription Medication for Mental Health And/Or Received Counseling or Therapy, Last 4 Weeks",By Race/Hispanic ethnicity,"Non-Hispanic Asian, single race",2,13,"Aug 19 - Aug 31, 2020",8/19/2020,8/31/2020,11.1,9.7,12.5,9.7 - 12.5,Unknown
"Took Prescription Medication for Mental Health And/Or Received Counseling or Therapy, Last 4 Weeks",By Race/Hispanic ethnicity,"Non-Hispanic, other races and multiple races",2,13,"Aug 19 - Aug 31, 2020",8/19/2020,8/31/2020,25,22.3,27.9,22.3 - 27.9,Unknown
"Took Prescription Medication for Mental Health And/Or Received Counseling or Therapy, Last 4 Weeks",By Education,Less than a high school diploma,2,13,"Aug 19 - Aug 31, 2020",8/19/2020,8/31/2020,20,17.3,22.9,17.3 - 22.9,Unknown
"Took Prescription Medication for Mental Health And/Or Received Counseling or Therapy, Last 4 Weeks",By Education,High school diploma or GED,2,13,"Aug 19 - Aug 31, 2020",8/19/2020,8/31/2020,20.1,19.1,21.2,19.1 - 21.2,Unknown
"Took Prescription Medication for Mental Health And/Or Received Counseling or Therapy, Last 4 Weeks",By Education,Some college/Associate's degree,2,13,"Aug 19 - Aug 31, 2020",8/19/2020,8/31/2020,23.5,22.7,24.4,22.7 - 24.4,Unknown
"Took Prescription Medication for Mental Health And/Or Received Counseling or Therapy, Last 4 Weeks",By Education,Bachelor's degree or higher,2,13,"Aug 19 - Aug 31, 2020",8/19/2020,8/31/2020,24,23.4,24.6,23.4 - 24.6,Unknown
"Took Prescription Medication for Mental Health And/Or Received Counseling or Therapy, Last 4 Weeks",By State,Alabama,2,13,"Aug 19 - Aug 31, 2020",8/19/2020,8/31/2020,25.2,21.9,28.6,21.9 - 28.6,23.6-25.3
"Took Prescription Medication for Mental Health And/Or Received Counseling or Therapy, Last 4 Weeks",By State,Alaska,2,13,"Aug 19 - Aug 31, 2020",8/19/2020,8/31/2020,19.2,16.6,21.9,16.6 - 21.9,17.7-21.7
"Took Prescription Medication for Mental Health And/Or Received Counseling or Therapy, Last 4 Weeks",By State,Arizona,2,13,"Aug 19 - Aug 31, 2020",8/19/2020,8/31/2020,20.2,17.9,22.6,17.9 - 22.6,17.7-21.7
"Took Prescription Medication for Mental Health And/Or Received Counseling or Therapy, Last 4 Weeks",By State,Arkansas,2,13,"Aug 19 - Aug 31, 2020",8/19/2020,8/31/2020,25.3,22,28.8,22.0 - 28.8,23.6-25.3
"Took Prescription Medication for Mental Health And/Or Received Counseling or Therapy, Last 4 Weeks",By State,California,2,13,"Aug 19 - Aug 31, 2020",8/19/2020,8/31/2020,20.1,18.3,21.9,18.3 - 21.9,17.7-21.7
"Took Prescription Medication for Mental Health And/Or Received Counseling or Therapy, Last 4 Weeks",By State,Colorado,2,13,"Aug 19 - Aug 31, 2020",8/19/2020,8/31/2020,22,19.7,24.4,19.7 - 24.4,21.8-23.5
"Took Prescription Medication for Mental Health And/Or Received Counseling or Therapy, Last 4 Weeks",By State,Connecticut,2,13,"Aug 19 - Aug 31, 2020",8/19/2020,8/31/2020,23.1,19.7,26.8,19.7 - 26.8,21.8-23.5
"Took Prescription Medication for Mental Health And/Or Received Counseling or Therapy, Last 4 Weeks",By State,Delaware,2,13,"Aug 19 - Aug 31, 2020",8/19/2020,8/31/2020,24,20.5,27.7,20.5 - 27.7,23.6-25.3
"Took Prescription Medication for Mental Health And/Or Received Counseling or Therapy, Last 4 Weeks",By State,District of Columbia,2,13,"Aug 19 - Aug 31, 2020",8/19/2020,8/31/2020,27.6,22.3,33.4,22.3 - 33.4,25.4-28.4
"Took Prescription Medication for Mental Health And/Or Received Counseling or Therapy, Last 4 Weeks",By State,Florida,2,13,"Aug 19 - Aug 31, 2020",8/19/2020,8/31/2020,21.3,18.6,24.1,18.6 - 24.1,17.7-21.7
"Took Prescription Medication for Mental Health And/Or Received Counseling or Therapy, Last 4 Weeks",By State,Georgia,2,13,"Aug 19 - Aug 31, 2020",8/19/2020,8/31/2020,22.8,20.2,25.6,20.2 - 25.6,21.8-23.5
"Took Prescription Medication for Mental Health And/Or Received Counseling or Therapy, Last 4 Weeks",By State,Hawaii,2,13,"Aug 19 - Aug 31, 2020",8/19/2020,8/31/2020,19.6,16,23.6,16.0 - 23.6,17.7-21.7
"Took Prescription Medication for Mental Health And/Or Received Counseling or Therapy, Last 4 Weeks",By State,Idaho,2,13,"Aug 19 - Aug 31, 2020",8/19/2020,8/31/2020,25.2,22.4,28.3,22.4 - 28.3,23.6-25.3
"Took Prescription Medication for Mental Health And/Or Received Counseling or Therapy, Last 4 Weeks",By State,Illinois,2,13,"Aug 19 - Aug 31, 2020",8/19/2020,8/31/2020,20.3,18,22.7,18.0 - 22.7,17.7-21.7
"Took Prescription Medication for Mental Health And/Or Received Counseling or Therapy, Last 4 Weeks",By State,Indiana,2,13,"Aug 19 - Aug 31, 2020",8/19/2020,8/31/2020,25.3,22.4,28.3,22.4 - 28.3,23.6-25.3
"Took Prescription Medication for Mental Health And/Or Received Counseling or Therapy, Last 4 Weeks",By State,Iowa,2,13,"Aug 19 - Aug 31, 2020",8/19/2020,8/31/2020,25,21.9,28.2,21.9 - 28.2,23.6-25.3
"Took Prescription Medication for Mental Health And/Or Received Counseling or Therapy, Last 4 Weeks",By State,Kansas,2,13,"Aug 19 - Aug 31, 2020",8/19/2020,8/31/2020,23.9,20.4,27.7,20.4 - 27.7,23.6-25.3
"Took Prescription Medication for Mental Health And/Or Received Counseling or Therapy, Last 4 Weeks",By State,Kentucky,2,13,"Aug 19 - Aug 31, 2020",8/19/2020,8/31/2020,28.4,24.6,32.5,24.6 - 32.5,25.4-28.4
"Took Prescription Medication for Mental Health And/Or Received Counseling or Therapy, Last 4 Weeks",By State,Louisiana,2,13,"Aug 19 - Aug 31, 2020",8/19/2020,8/31/2020,26.6,23.3,30.1,23.3 - 30.1,25.4-28.4
"Took Prescription Medication for Mental Health And/Or Received Counseling or Therapy, Last 4 Weeks",By State,Maine,2,13,"Aug 19 - Aug 31, 2020",8/19/2020,8/31/2020,28,23.8,32.4,23.8 - 32.4,25.4-28.4
"Took Prescription Medication for Mental Health And/Or Received Counseling or Therapy, Last 4 Weeks",By State,Maryland,2,13,"Aug 19 - Aug 31, 2020",8/19/2020,8/31/2020,20.5,18.3,22.8,18.3 - 22.8,17.7-21.7
"Took Prescription Medication for Mental Health And/Or Received Counseling or Therapy, Last 4 Weeks",By State,Massachusetts,2,13,"Aug 19 - Aug 31, 2020",8/19/2020,8/31/2020,24.6,22.6,26.7,22.6 - 26.7,23.6-25.3
"Took Prescription Medication for Mental Health And/Or Received Counseling or Therapy, Last 4 Weeks",By State,Michigan,2,13,"Aug 19 - Aug 31, 2020",8/19/2020,8/31/2020,23.4,20.8,26.2,20.8 - 26.2,21.8-23.5
"Took Prescription Medication for Mental Health And/Or Received Counseling or Therapy, Last 4 Weeks",By State,Minnesota,2,13,"Aug 19 - Aug 31, 2020",8/19/2020,8/31/2020,23.7,21.5,26.1,21.5 - 26.1,23.6-25.3
"Took Prescription Medication for Mental Health And/Or Received Counseling or Therapy, Last 4 Weeks",By State,Mississippi,2,13,"Aug 19 - Aug 31, 2020",8/19/2020,8/31/2020,21.7,18.2,25.6,18.2 - 25.6,17.7-21.7
"Took Prescription Medication for Mental Health And/Or Received Counseling or Therapy, Last 4 Weeks",By State,Missouri,2,13,"Aug 19 - Aug 31, 2020",8/19/2020,8/31/2020,25.9,23.1,28.9,23.1 - 28.9,25.4-28.4
"Took Prescription Medication for Mental Health And/Or Received Counseling or Therapy, Last 4 Weeks",By State,Montana,2,13,"Aug 19 - Aug 31, 2020",8/19/2020,8/31/2020,21.9,18.7,25.4,18.7 - 25.4,21.8-23.5
"Took Prescription Medication for Mental Health And/Or Received Counseling or Therapy, Last 4 Weeks",By State,Nebraska,2,13,"Aug 19 - Aug 31, 2020",8/19/2020,8/31/2020,25.3,21.6,29.2,21.6 - 29.2,23.6-25.3
"Took Prescription Medication for Mental Health And/Or Received Counseling or Therapy, Last 4 Weeks",By State,Nevada,2,13,"Aug 19 - Aug 31, 2020",8/19/2020,8/31/2020,17.7,15.4,20.1,15.4 - 20.1,17.7-21.7
"Took Prescription Medication for Mental Health And/Or Received Counseling or Therapy, Last 4 Weeks",By State,New Hampshire,2,13,"Aug 19 - Aug 31, 2020",8/19/2020,8/31/2020,24.3,20.4,28.5,20.4 - 28.5,23.6-25.3
"Took Prescription Medication for Mental Health And/Or Received Counseling or Therapy, Last 4 Weeks",By State,New Jersey,2,13,"Aug 19 - Aug 31, 2020",8/19/2020,8/31/2020,21.8,19.3,24.4,19.3 - 24.4,21.8-23.5
"Took Prescription Medication for Mental Health And/Or Received Counseling or Therapy, Last 4 Weeks",By State,New Mexico,2,13,"Aug 19 - Aug 31, 2020",8/19/2020,8/31/2020,23,19.9,26.2,19.9 - 26.2,21.8-23.5
"Took Prescription Medication for Mental Health And/Or Received Counseling or Therapy, Last 4 Weeks",By State,New York,2,13,"Aug 19 - Aug 31, 2020",8/19/2020,8/31/2020,21.9,19.4,24.5,19.4 - 24.5,21.8-23.5
"Took Prescription Medication for Mental Health And/Or Received Counseling or Therapy, Last 4 Weeks",By State,North Carolina,2,13,"Aug 19 - Aug 31, 2020",8/19/2020,8/31/2020,22.5,19.8,25.5,19.8 - 25.5,21.8-23.5
"Took Prescription Medication for Mental Health And/Or Received Counseling or Therapy, Last 4 Weeks",By State,North Dakota,2,13,"Aug 19 - Aug 31, 2020",8/19/2020,8/31/2020,20.7,16.8,25.2,16.8 - 25.2,17.7-21.7
"Took Prescription Medication for Mental Health And/Or Received Counseling or Therapy, Last 4 Weeks",By State,Ohio,2,13,"Aug 19 - Aug 31, 2020",8/19/2020,8/31/2020,23.6,20,27.5,20.0 - 27.5,23.6-25.3
"Took Prescription Medication for Mental Health And/Or Received Counseling or Therapy, Last 4 Weeks",By State,Oklahoma,2,13,"Aug 19 - Aug 31, 2020",8/19/2020,8/31/2020,24.3,21.7,27,21.7 - 27.0,23.6-25.3
"Took Prescription Medication for Mental Health And/Or Received Counseling or Therapy, Last 4 Weeks",By State,Oregon,2,13,"Aug 19 - Aug 31, 2020",8/19/2020,8/31/2020,28.3,25.5,31.3,25.5 - 31.3,25.4-28.4
"Took Prescription Medication for Mental Health And/Or Received Counseling or Therapy, Last 4 Weeks",By State,Pennsylvania,2,13,"Aug 19 - Aug 31, 2020",8/19/2020,8/31/2020,25.5,22.4,28.8,22.4 - 28.8,25.4-28.4
"Took Prescription Medication for Mental Health And/Or Received Counseling or Therapy, Last 4 Weeks",By State,Rhode Island,2,13,"Aug 19 - Aug 31, 2020",8/19/2020,8/31/2020,25.9,22.2,30,22.2 - 30.0,25.4-28.4
"Took Prescription Medication for Mental Health And/Or Received Counseling or Therapy, Last 4 Weeks",By State,South Carolina,2,13,"Aug 19 - Aug 31, 2020",8/19/2020,8/31/2020,21.9,18.9,25.1,18.9 - 25.1,21.8-23.5
"Took Prescription Medication for Mental Health And/Or Received Counseling or Therapy, Last 4 Weeks",By State,South Dakota,2,13,"Aug 19 - Aug 31, 2020",8/19/2020,8/31/2020,20.1,16.4,24.2,16.4 - 24.2,17.7-21.7
"Took Prescription Medication for Mental Health And/Or Received Counseling or Therapy, Last 4 Weeks",By State,Tennessee,2,13,"Aug 19 - Aug 31, 2020",8/19/2020,8/31/2020,24,21.1,27.1,21.1 - 27.1,23.6-25.3
"Took Prescription Medication for Mental Health And/Or Received Counseling or Therapy, Last 4 Weeks",By State,Texas,2,13,"Aug 19 - Aug 31, 2020",8/19/2020,8/31/2020,18.8,16.8,21,16.8 - 21.0,17.7-21.7
"Took Prescription Medication for Mental Health And/Or Received Counseling or Therapy, Last 4 Weeks",By State,Utah,2,13,"Aug 19 - Aug 31, 2020",8/19/2020,8/31/2020,27.5,24.7,30.4,24.7 - 30.4,25.4-28.4
"Took Prescription Medication for Mental Health And/Or Received Counseling or Therapy, Last 4 Weeks",By State,Vermont,2,13,"Aug 19 - Aug 31, 2020",8/19/2020,8/31/2020,27.8,22.5,33.6,22.5 - 33.6,25.4-28.4
"Took Prescription Medication for Mental Health And/Or Received Counseling or Therapy, Last 4 Weeks",By State,Virginia,2,13,"Aug 19 - Aug 31, 2020",8/19/2020,8/31/2020,21.8,19.2,24.6,19.2 - 24.6,21.8-23.5
"Took Prescription Medication for Mental Health And/Or Received Counseling or Therapy, Last 4 Weeks",By State,Washington,2,13,"Aug 19 - Aug 31, 2020",8/19/2020,8/31/2020,25,23.4,26.7,23.4 - 26.7,23.6-25.3
"Took Prescription Medication for Mental Health And/Or Received Counseling or Therapy, Last 4 Weeks",By State,West Virginia,2,13,"Aug 19 - Aug 31, 2020",8/19/2020,8/31/2020,23.5,19.9,27.4,19.9 - 27.4,21.8-23.5
"Took Prescription Medication for Mental Health And/Or Received Counseling or Therapy, Last 4 Weeks",By State,Wisconsin,2,13,"Aug 19 - Aug 31, 2020",8/19/2020,8/31/2020,22.1,19.5,24.9,19.5 - 24.9,21.8-23.5
"Took Prescription Medication for Mental Health And/Or Received Counseling or Therapy, Last 4 Weeks",By State,Wyoming,2,13,"Aug 19 - Aug 31, 2020",8/19/2020,8/31/2020,20.5,16.9,24.4,16.9 - 24.4,17.7-21.7
"Needed Counseling or Therapy But Did Not Get It, Last 4 Weeks",National Estimate,United States,2,13,"Aug 19 - Aug 31, 2020",8/19/2020,8/31/2020,9.2,8.8,9.6,8.8 - 9.6,Unknown
"Needed Counseling or Therapy But Did Not Get It, Last 4 Weeks",By Age,18 - 29 years,2,13,"Aug 19 - Aug 31, 2020",8/19/2020,8/31/2020,15.6,14.5,16.7,14.5 - 16.7,Unknown
"Needed Counseling or Therapy But Did Not Get It, Last 4 Weeks",By Age,30 - 39 years,2,13,"Aug 19 - Aug 31, 2020",8/19/2020,8/31/2020,12.9,11.9,13.9,11.9 - 13.9,Unknown
"Needed Counseling or Therapy But Did Not Get It, Last 4 Weeks",By Age,40 - 49 years,2,13,"Aug 19 - Aug 31, 2020",8/19/2020,8/31/2020,10,9.3,10.7,9.3 - 10.7,Unknown
"Needed Counseling or Therapy But Did Not Get It, Last 4 Weeks",By Age,50 - 59 years,2,13,"Aug 19 - Aug 31, 2020",8/19/2020,8/31/2020,7.7,6.9,8.5,6.9 - 8.5,Unknown
"Needed Counseling or Therapy But Did Not Get It, Last 4 Weeks",By Age,60 - 69 years,2,13,"Aug 19 - Aug 31, 2020",8/19/2020,8/31/2020,5.3,4.8,5.9,4.8 - 5.9,Unknown
"Needed Counseling or Therapy But Did Not Get It, Last 4 Weeks",By Age,70 - 79 years,2,13,"Aug 19 - Aug 31, 2020",8/19/2020,8/31/2020,2.9,2.2,3.6,2.2 - 3.6,Unknown
"Needed Counseling or Therapy But Did Not Get It, Last 4 Weeks",By Age,80 years and above,2,13,"Aug 19 - Aug 31, 2020",8/19/2020,8/31/2020,1.4,0.9,2,0.9 - 2.0,Unknown
"Needed Counseling or Therapy But Did Not Get It, Last 4 Weeks",By Sex,Male,2,13,"Aug 19 - Aug 31, 2020",8/19/2020,8/31/2020,6.8,6.2,7.3,6.2 - 7.3,Unknown
"Needed Counseling or Therapy But Did Not Get It, Last 4 Weeks",By Sex,Female,2,13,"Aug 19 - Aug 31, 2020",8/19/2020,8/31/2020,11.4,10.9,11.9,10.9 - 11.9,Unknown
"Needed Counseling or Therapy But Did Not Get It, Last 4 Weeks",By Presence of Symptoms of Anxiety/Depression,Did not experience symptoms of anxiety/depression in the past 4 weeks,2,13,"Aug 19 - Aug 31, 2020",8/19/2020,8/31/2020,2.4,2.2,2.7,2.2 - 2.7,Unknown
"Needed Counseling or Therapy But Did Not Get It, Last 4 Weeks",By Presence of Symptoms of Anxiety/Depression,Experienced symptoms of anxiety/depression in past 4 weeks,2,13,"Aug 19 - Aug 31, 2020",8/19/2020,8/31/2020,21,20.2,21.8,20.2 - 21.8,Unknown
"Needed Counseling or Therapy But Did Not Get It, Last 4 Weeks",By Race/Hispanic ethnicity,Hispanic or Latino,2,13,"Aug 19 - Aug 31, 2020",8/19/2020,8/31/2020,9.6,8.6,10.6,8.6 - 10.6,Unknown
"Needed Counseling or Therapy But Did Not Get It, Last 4 Weeks",By Race/Hispanic ethnicity,"Non-Hispanic White, single race",2,13,"Aug 19 - Aug 31, 2020",8/19/2020,8/31/2020,9.1,8.7,9.5,8.7 - 9.5,Unknown
"Needed Counseling or Therapy But Did Not Get It, Last 4 Weeks",By Race/Hispanic ethnicity,"Non-Hispanic Black, single race",2,13,"Aug 19 - Aug 31, 2020",8/19/2020,8/31/2020,9.3,8.3,10.3,8.3 - 10.3,Unknown
"Needed Counseling or Therapy But Did Not Get It, Last 4 Weeks",By Race/Hispanic ethnicity,"Non-Hispanic Asian, single race",2,13,"Aug 19 - Aug 31, 2020",8/19/2020,8/31/2020,4.8,3.9,5.8,3.9 - 5.8,Unknown
"Needed Counseling or Therapy But Did Not Get It, Last 4 Weeks",By Race/Hispanic ethnicity,"Non-Hispanic, other races and multiple races",2,13,"Aug 19 - Aug 31, 2020",8/19/2020,8/31/2020,14.2,12.1,16.4,12.1 - 16.4,Unknown
"Needed Counseling or Therapy But Did Not Get It, Last 4 Weeks",By Education,Less than a high school diploma,2,13,"Aug 19 - Aug 31, 2020",8/19/2020,8/31/2020,7,5.4,8.8,5.4 - 8.8,Unknown
"Needed Counseling or Therapy But Did Not Get It, Last 4 Weeks",By Education,High school diploma or GED,2,13,"Aug 19 - Aug 31, 2020",8/19/2020,8/31/2020,7,6.3,7.8,6.3 - 7.8,Unknown
"Needed Counseling or Therapy But Did Not Get It, Last 4 Weeks",By Education,Some college/Associate's degree,2,13,"Aug 19 - Aug 31, 2020",8/19/2020,8/31/2020,11.2,10.6,11.9,10.6 - 11.9,Unknown
"Needed Counseling or Therapy But Did Not Get It, Last 4 Weeks",By Education,Bachelor's degree or higher,2,13,"Aug 19 - Aug 31, 2020",8/19/2020,8/31/2020,9.7,9.2,10.1,9.2 - 10.1,Unknown
"Needed Counseling or Therapy But Did Not Get It, Last 4 Weeks",By State,Alabama,2,13,"Aug 19 - Aug 31, 2020",8/19/2020,8/31/2020,8.4,6.5,10.6,6.5 - 10.6,7.8-9.1
"Needed Counseling or Therapy But Did Not Get It, Last 4 Weeks",By State,Alaska,2,13,"Aug 19 - Aug 31, 2020",8/19/2020,8/31/2020,8.5,6.7,10.7,6.7 - 10.7,7.8-9.1
"Needed Counseling or Therapy But Did Not Get It, Last 4 Weeks",By State,Arizona,2,13,"Aug 19 - Aug 31, 2020",8/19/2020,8/31/2020,9.7,7.8,11.8,7.8 - 11.8,9.2-10.1
"Needed Counseling or Therapy But Did Not Get It, Last 4 Weeks",By State,Arkansas,2,13,"Aug 19 - Aug 31, 2020",8/19/2020,8/31/2020,7.7,6.3,9.4,6.3 - 9.4,5.7-7.7
"Needed Counseling or Therapy But Did Not Get It, Last 4 Weeks",By State,California,2,13,"Aug 19 - Aug 31, 2020",8/19/2020,8/31/2020,9.2,8,10.5,8.0 - 10.5,9.2-10.1
"Needed Counseling or Therapy But Did Not Get It, Last 4 Weeks",By State,Colorado,2,13,"Aug 19 - Aug 31, 2020",8/19/2020,8/31/2020,10.8,9,12.8,9.0 - 12.8,10.2-12.9
"Needed Counseling or Therapy But Did Not Get It, Last 4 Weeks",By State,Connecticut,2,13,"Aug 19 - Aug 31, 2020",8/19/2020,8/31/2020,8.1,6.7,9.8,6.7 - 9.8,7.8-9.1
"Needed Counseling or Therapy But Did Not Get It, Last 4 Weeks",By State,Delaware,2,13,"Aug 19 - Aug 31, 2020",8/19/2020,8/31/2020,7.7,5.7,10.1,5.7 - 10.1,5.7-7.7
"Needed Counseling or Therapy But Did Not Get It, Last 4 Weeks",By State,District of Columbia,2,13,"Aug 19 - Aug 31, 2020",8/19/2020,8/31/2020,11.3,8.1,15.2,8.1 - 15.2,10.2-12.9
"Needed Counseling or Therapy But Did Not Get It, Last 4 Weeks",By State,Florida,2,13,"Aug 19 - Aug 31, 2020",8/19/2020,8/31/2020,11,9,13.2,9.0 - 13.2,10.2-12.9
"Needed Counseling or Therapy But Did Not Get It, Last 4 Weeks",By State,Georgia,2,13,"Aug 19 - Aug 31, 2020",8/19/2020,8/31/2020,10.2,8.6,12.1,8.6 - 12.1,10.2-12.9
"Needed Counseling or Therapy But Did Not Get It, Last 4 Weeks",By State,Hawaii,2,13,"Aug 19 - Aug 31, 2020",8/19/2020,8/31/2020,6.6,4.2,9.7,4.2 - 9.7,5.7-7.7
"Needed Counseling or Therapy But Did Not Get It, Last 4 Weeks",By State,Idaho,2,13,"Aug 19 - Aug 31, 2020",8/19/2020,8/31/2020,9.2,6.9,11.9,6.9 - 11.9,9.2-10.1
"Needed Counseling or Therapy But Did Not Get It, Last 4 Weeks",By State,Illinois,2,13,"Aug 19 - Aug 31, 2020",8/19/2020,8/31/2020,8.8,7.3,10.6,7.3 - 10.6,7.8-9.1
"Needed Counseling or Therapy But Did Not Get It, Last 4 Weeks",By State,Indiana,2,13,"Aug 19 - Aug 31, 2020",8/19/2020,8/31/2020,9.6,7.9,11.4,7.9 - 11.4,9.2-10.1
"Needed Counseling or Therapy But Did Not Get It, Last 4 Weeks",By State,Iowa,2,13,"Aug 19 - Aug 31, 2020",8/19/2020,8/31/2020,7.2,5.7,9.1,5.7 - 9.1,5.7-7.7
"Needed Counseling or Therapy But Did Not Get It, Last 4 Weeks",By State,Kansas,2,13,"Aug 19 - Aug 31, 2020",8/19/2020,8/31/2020,9.2,7.1,11.6,7.1 - 11.6,9.2-10.1
"Needed Counseling or Therapy But Did Not Get It, Last 4 Weeks",By State,Kentucky,2,13,"Aug 19 - Aug 31, 2020",8/19/2020,8/31/2020,8.9,6.8,11.5,6.8 - 11.5,7.8-9.1
"Needed Counseling or Therapy But Did Not Get It, Last 4 Weeks",By State,Louisiana,2,13,"Aug 19 - Aug 31, 2020",8/19/2020,8/31/2020,9.3,6.6,12.6,6.6 - 12.6,9.2-10.1
"Needed Counseling or Therapy But Did Not Get It, Last 4 Weeks",By State,Maine,2,13,"Aug 19 - Aug 31, 2020",8/19/2020,8/31/2020,11.8,8.7,15.5,8.7 - 15.5,10.2-12.9
"Needed Counseling or Therapy But Did Not Get It, Last 4 Weeks",By State,Maryland,2,13,"Aug 19 - Aug 31, 2020",8/19/2020,8/31/2020,10.1,7.8,12.8,7.8 - 12.8,9.2-10.1
"Needed Counseling or Therapy But Did Not Get It, Last 4 Weeks",By State,Massachusetts,2,13,"Aug 19 - Aug 31, 2020",8/19/2020,8/31/2020,9.1,7.5,10.9,7.5 - 10.9,7.8-9.1
"Needed Counseling or Therapy But Did Not Get It, Last 4 Weeks",By State,Michigan,2,13,"Aug 19 - Aug 31, 2020",8/19/2020,8/31/2020,10.2,8.2,12.6,8.2 - 12.6,10.2-12.9
"Needed Counseling or Therapy But Did Not Get It, Last 4 Weeks",By State,Minnesota,2,13,"Aug 19 - Aug 31, 2020",8/19/2020,8/31/2020,8.1,6.6,9.9,6.6 - 9.9,7.8-9.1
"Needed Counseling or Therapy But Did Not Get It, Last 4 Weeks",By State,Mississippi,2,13,"Aug 19 - Aug 31, 2020",8/19/2020,8/31/2020,8.4,6.3,10.8,6.3 - 10.8,7.8-9.1
"Needed Counseling or Therapy But Did Not Get It, Last 4 Weeks",By State,Missouri,2,13,"Aug 19 - Aug 31, 2020",8/19/2020,8/31/2020,11.2,9,13.7,9.0 - 13.7,10.2-12.9
"Needed Counseling or Therapy But Did Not Get It, Last 4 Weeks",By State,Montana,2,13,"Aug 19 - Aug 31, 2020",8/19/2020,8/31/2020,9.3,7.2,11.9,7.2 - 11.9,9.2-10.1
"Needed Counseling or Therapy But Did Not Get It, Last 4 Weeks",By State,Nebraska,2,13,"Aug 19 - Aug 31, 2020",8/19/2020,8/31/2020,7.7,5.8,10,5.8 - 10.0,5.7-7.7
"Needed Counseling or Therapy But Did Not Get It, Last 4 Weeks",By State,Nevada,2,13,"Aug 19 - Aug 31, 2020",8/19/2020,8/31/2020,9.9,7.7,12.6,7.7 - 12.6,9.2-10.1
"Needed Counseling or Therapy But Did Not Get It, Last 4 Weeks",By State,New Hampshire,2,13,"Aug 19 - Aug 31, 2020",8/19/2020,8/31/2020,7.3,5.3,9.7,5.3 - 9.7,5.7-7.7
"Needed Counseling or Therapy But Did Not Get It, Last 4 Weeks",By State,New Jersey,2,13,"Aug 19 - Aug 31, 2020",8/19/2020,8/31/2020,7.6,5.7,9.8,5.7 - 9.8,5.7-7.7
"Needed Counseling or Therapy But Did Not Get It, Last 4 Weeks",By State,New Mexico,2,13,"Aug 19 - Aug 31, 2020",8/19/2020,8/31/2020,11.1,8.6,14,8.6 - 14.0,10.2-12.9
"Needed Counseling or Therapy But Did Not Get It, Last 4 Weeks",By State,New York,2,13,"Aug 19 - Aug 31, 2020",8/19/2020,8/31/2020,9.4,7.8,11.3,7.8 - 11.3,9.2-10.1
"Needed Counseling or Therapy But Did Not Get It, Last 4 Weeks",By State,North Carolina,2,13,"Aug 19 - Aug 31, 2020",8/19/2020,8/31/2020,9.5,7.4,12,7.4 - 12.0,9.2-10.1
"Needed Counseling or Therapy But Did Not Get It, Last 4 Weeks",By State,North Dakota,2,13,"Aug 19 - Aug 31, 2020",8/19/2020,8/31/2020,5.7,3.8,8,3.8 - 8.0,5.7-7.7
"Needed Counseling or Therapy But Did Not Get It, Last 4 Weeks",By State,Ohio,2,13,"Aug 19 - Aug 31, 2020",8/19/2020,8/31/2020,9.3,7.1,12,7.1 - 12.0,9.2-10.1
"Needed Counseling or Therapy But Did Not Get It, Last 4 Weeks",By State,Oklahoma,2,13,"Aug 19 - Aug 31, 2020",8/19/2020,8/31/2020,9,6.9,11.5,6.9 - 11.5,7.8-9.1
"Needed Counseling or Therapy But Did Not Get It, Last 4 Weeks",By State,Oregon,2,13,"Aug 19 - Aug 31, 2020",8/19/2020,8/31/2020,12.9,10.8,15.3,10.8 - 15.3,10.2-12.9
"Needed Counseling or Therapy But Did Not Get It, Last 4 Weeks",By State,Pennsylvania,2,13,"Aug 19 - Aug 31, 2020",8/19/2020,8/31/2020,7.8,6.1,9.7,6.1 - 9.7,7.8-9.1
"Needed Counseling or Therapy But Did Not Get It, Last 4 Weeks",By State,Rhode Island,2,13,"Aug 19 - Aug 31, 2020",8/19/2020,8/31/2020,7,4.7,9.8,4.7 - 9.8,5.7-7.7
"Needed Counseling or Therapy But Did Not Get It, Last 4 Weeks",By State,South Carolina,2,13,"Aug 19 - Aug 31, 2020",8/19/2020,8/31/2020,9.3,7.2,11.7,7.2 - 11.7,9.2-10.1
"Needed Counseling or Therapy But Did Not Get It, Last 4 Weeks",By State,South Dakota,2,13,"Aug 19 - Aug 31, 2020",8/19/2020,8/31/2020,6.3,4.2,9,4.2 - 9.0,5.7-7.7
"Needed Counseling or Therapy But Did Not Get It, Last 4 Weeks",By State,Tennessee,2,13,"Aug 19 - Aug 31, 2020",8/19/2020,8/31/2020,8.9,7.3,10.8,7.3 - 10.8,7.8-9.1
"Needed Counseling or Therapy But Did Not Get It, Last 4 Weeks",By State,Texas,2,13,"Aug 19 - Aug 31, 2020",8/19/2020,8/31/2020,7.4,6.4,8.6,6.4 - 8.6,5.7-7.7
"Needed Counseling or Therapy But Did Not Get It, Last 4 Weeks",By State,Utah,2,13,"Aug 19 - Aug 31, 2020",8/19/2020,8/31/2020,11.5,9.2,14.1,9.2 - 14.1,10.2-12.9
"Needed Counseling or Therapy But Did Not Get It, Last 4 Weeks",By State,Vermont,2,13,"Aug 19 - Aug 31, 2020",8/19/2020,8/31/2020,10.5,7.2,14.7,7.2 - 14.7,10.2-12.9
"Needed Counseling or Therapy But Did Not Get It, Last 4 Weeks",By State,Virginia,2,13,"Aug 19 - Aug 31, 2020",8/19/2020,8/31/2020,7.6,5.8,9.8,5.8 - 9.8,5.7-7.7
"Needed Counseling or Therapy But Did Not Get It, Last 4 Weeks",By State,Washington,2,13,"Aug 19 - Aug 31, 2020",8/19/2020,8/31/2020,11.2,9.5,13.2,9.5 - 13.2,10.2-12.9
"Needed Counseling or Therapy But Did Not Get It, Last 4 Weeks",By State,West Virginia,2,13,"Aug 19 - Aug 31, 2020",8/19/2020,8/31/2020,6.6,5,8.5,5.0 - 8.5,5.7-7.7
"Needed Counseling or Therapy But Did Not Get It, Last 4 Weeks",By State,Wisconsin,2,13,"Aug 19 - Aug 31, 2020",8/19/2020,8/31/2020,7.3,5.9,9,5.9 - 9.0,5.7-7.7
"Needed Counseling or Therapy But Did Not Get It, Last 4 Weeks",By State,Wyoming,2,13,"Aug 19 - Aug 31, 2020",8/19/2020,8/31/2020,7.5,5.5,10,5.5 - 10.0,5.7-7.7
"Took Prescription Medication for Mental Health, Last 4 Weeks",National Estimate,United States,2,14,"Sep 2 - Sep 14, 2020",9/2/2020,9/14/2020,19.6,19.1,20.2,19.1 - 20.2,Unknown
"Took Prescription Medication for Mental Health, Last 4 Weeks",By Age,18 - 29 years,2,14,"Sep 2 - Sep 14, 2020",9/2/2020,9/14/2020,18.4,17.4,19.4,17.4 - 19.4,Unknown
"Took Prescription Medication for Mental Health, Last 4 Weeks",By Age,30 - 39 years,2,14,"Sep 2 - Sep 14, 2020",9/2/2020,9/14/2020,19.5,18.3,20.6,18.3 - 20.6,Unknown
"Took Prescription Medication for Mental Health, Last 4 Weeks",By Age,40 - 49 years,2,14,"Sep 2 - Sep 14, 2020",9/2/2020,9/14/2020,19.9,18.9,21,18.9 - 21.0,Unknown
"Took Prescription Medication for Mental Health, Last 4 Weeks",By Age,50 - 59 years,2,14,"Sep 2 - Sep 14, 2020",9/2/2020,9/14/2020,21,19.9,22.3,19.9 - 22.3,Unknown
"Took Prescription Medication for Mental Health, Last 4 Weeks",By Age,60 - 69 years,2,14,"Sep 2 - Sep 14, 2020",9/2/2020,9/14/2020,21.1,20.2,22.1,20.2 - 22.1,Unknown
"Took Prescription Medication for Mental Health, Last 4 Weeks",By Age,70 - 79 years,2,14,"Sep 2 - Sep 14, 2020",9/2/2020,9/14/2020,18.1,16.5,19.9,16.5 - 19.9,Unknown
"Took Prescription Medication for Mental Health, Last 4 Weeks",By Age,80 years and above,2,14,"Sep 2 - Sep 14, 2020",9/2/2020,9/14/2020,11.7,8.5,15.7,8.5 - 15.7,Unknown
"Took Prescription Medication for Mental Health, Last 4 Weeks",By Sex,Male,2,14,"Sep 2 - Sep 14, 2020",9/2/2020,9/14/2020,14.8,14.2,15.5,14.2 - 15.5,Unknown
"Took Prescription Medication for Mental Health, Last 4 Weeks",By Sex,Female,2,14,"Sep 2 - Sep 14, 2020",9/2/2020,9/14/2020,24,23.3,24.7,23.3 - 24.7,Unknown
"Took Prescription Medication for Mental Health, Last 4 Weeks",By Presence of Symptoms of Anxiety/Depression,Did not experience symptoms of anxiety/depression in the past 4 weeks,2,14,"Sep 2 - Sep 14, 2020",9/2/2020,9/14/2020,12,11.3,12.6,11.3 - 12.6,Unknown
"Took Prescription Medication for Mental Health, Last 4 Weeks",By Presence of Symptoms of Anxiety/Depression,Experienced symptoms of anxiety/depression in past 4 weeks,2,14,"Sep 2 - Sep 14, 2020",9/2/2020,9/14/2020,33.3,32.3,34.3,32.3 - 34.3,Unknown
"Took Prescription Medication for Mental Health, Last 4 Weeks",By Race/Hispanic ethnicity,Hispanic or Latino,2,14,"Sep 2 - Sep 14, 2020",9/2/2020,9/14/2020,15.9,14.4,17.4,14.4 - 17.4,Unknown
"Took Prescription Medication for Mental Health, Last 4 Weeks",By Race/Hispanic ethnicity,"Non-Hispanic White, single race",2,14,"Sep 2 - Sep 14, 2020",9/2/2020,9/14/2020,22.1,21.6,22.7,21.6 - 22.7,Unknown
"Took Prescription Medication for Mental Health, Last 4 Weeks",By Race/Hispanic ethnicity,"Non-Hispanic Black, single race",2,14,"Sep 2 - Sep 14, 2020",9/2/2020,9/14/2020,14.8,13.1,16.7,13.1 - 16.7,Unknown
"Took Prescription Medication for Mental Health, Last 4 Weeks",By Race/Hispanic ethnicity,"Non-Hispanic Asian, single race",2,14,"Sep 2 - Sep 14, 2020",9/2/2020,9/14/2020,8.2,7.1,9.5,7.1 - 9.5,Unknown
"Took Prescription Medication for Mental Health, Last 4 Weeks",By Race/Hispanic ethnicity,"Non-Hispanic, other races and multiple races",2,14,"Sep 2 - Sep 14, 2020",9/2/2020,9/14/2020,21.5,18.3,25.1,18.3 - 25.1,Unknown
"Took Prescription Medication for Mental Health, Last 4 Weeks",By Education,Less than a high school diploma,2,14,"Sep 2 - Sep 14, 2020",9/2/2020,9/14/2020,16.9,14.6,19.3,14.6 - 19.3,Unknown
"Took Prescription Medication for Mental Health, Last 4 Weeks",By Education,High school diploma or GED,2,14,"Sep 2 - Sep 14, 2020",9/2/2020,9/14/2020,18.9,17.6,20.4,17.6 - 20.4,Unknown
"Took Prescription Medication for Mental Health, Last 4 Weeks",By Education,Some college/Associate's degree,2,14,"Sep 2 - Sep 14, 2020",9/2/2020,9/14/2020,21.7,20.7,22.6,20.7 - 22.6,Unknown
"Took Prescription Medication for Mental Health, Last 4 Weeks",By Education,Bachelor's degree or higher,2,14,"Sep 2 - Sep 14, 2020",9/2/2020,9/14/2020,19,18.5,19.6,18.5 - 19.6,Unknown
"Took Prescription Medication for Mental Health, Last 4 Weeks",By State,Alabama,2,14,"Sep 2 - Sep 14, 2020",9/2/2020,9/14/2020,21,17.9,24.3,17.9 - 24.3,18.9-21.2
"Took Prescription Medication for Mental Health, Last 4 Weeks",By State,Alaska,2,14,"Sep 2 - Sep 14, 2020",9/2/2020,9/14/2020,15,12.4,17.8,12.4 - 17.8,11.2-18.8
"Took Prescription Medication for Mental Health, Last 4 Weeks",By State,Arizona,2,14,"Sep 2 - Sep 14, 2020",9/2/2020,9/14/2020,19.6,17,22.4,17.0 - 22.4,18.9-21.2
"Took Prescription Medication for Mental Health, Last 4 Weeks",By State,Arkansas,2,14,"Sep 2 - Sep 14, 2020",9/2/2020,9/14/2020,25.7,21.9,29.8,21.9 - 29.8,22.9-30.1
"Took Prescription Medication for Mental Health, Last 4 Weeks",By State,California,2,14,"Sep 2 - Sep 14, 2020",9/2/2020,9/14/2020,15.9,14.5,17.3,14.5 - 17.3,11.2-18.8
"Took Prescription Medication for Mental Health, Last 4 Weeks",By State,Colorado,2,14,"Sep 2 - Sep 14, 2020",9/2/2020,9/14/2020,17.8,15.5,20.3,15.5 - 20.3,11.2-18.8
"Took Prescription Medication for Mental Health, Last 4 Weeks",By State,Connecticut,2,14,"Sep 2 - Sep 14, 2020",9/2/2020,9/14/2020,20,17.2,23,17.2 - 23.0,18.9-21.2
"Took Prescription Medication for Mental Health, Last 4 Weeks",By State,Delaware,2,14,"Sep 2 - Sep 14, 2020",9/2/2020,9/14/2020,22.8,19.3,26.6,19.3 - 26.6,21.3-22.8
"Took Prescription Medication for Mental Health, Last 4 Weeks",By State,District of Columbia,2,14,"Sep 2 - Sep 14, 2020",9/2/2020,9/14/2020,19.6,14.8,25.3,14.8 - 25.3,18.9-21.2
"Took Prescription Medication for Mental Health, Last 4 Weeks",By State,Florida,2,14,"Sep 2 - Sep 14, 2020",9/2/2020,9/14/2020,17.1,14.7,19.6,14.7 - 19.6,11.2-18.8
"Took Prescription Medication for Mental Health, Last 4 Weeks",By State,Georgia,2,14,"Sep 2 - Sep 14, 2020",9/2/2020,9/14/2020,20.3,17.6,23.2,17.6 - 23.2,18.9-21.2
"Took Prescription Medication for Mental Health, Last 4 Weeks",By State,Hawaii,2,14,"Sep 2 - Sep 14, 2020",9/2/2020,9/14/2020,11.2,7.6,15.6,7.6 - 15.6,11.2-18.8
"Took Prescription Medication for Mental Health, Last 4 Weeks",By State,Idaho,2,14,"Sep 2 - Sep 14, 2020",9/2/2020,9/14/2020,23.2,19.6,27.2,19.6 - 27.2,22.9-30.1
"Took Prescription Medication for Mental Health, Last 4 Weeks",By State,Illinois,2,14,"Sep 2 - Sep 14, 2020",9/2/2020,9/14/2020,19,16.8,21.4,16.8 - 21.4,18.9-21.2
"Took Prescription Medication for Mental Health, Last 4 Weeks",By State,Indiana,2,14,"Sep 2 - Sep 14, 2020",9/2/2020,9/14/2020,23.3,19.6,27.4,19.6 - 27.4,22.9-30.1
"Took Prescription Medication for Mental Health, Last 4 Weeks",By State,Iowa,2,14,"Sep 2 - Sep 14, 2020",9/2/2020,9/14/2020,22.4,19.7,25.4,19.7 - 25.4,21.3-22.8
"Took Prescription Medication for Mental Health, Last 4 Weeks",By State,Kansas,2,14,"Sep 2 - Sep 14, 2020",9/2/2020,9/14/2020,22.2,18.8,25.8,18.8 - 25.8,21.3-22.8
"Took Prescription Medication for Mental Health, Last 4 Weeks",By State,Kentucky,2,14,"Sep 2 - Sep 14, 2020",9/2/2020,9/14/2020,26,22,30.3,22.0 - 30.3,22.9-30.1
"Took Prescription Medication for Mental Health, Last 4 Weeks",By State,Louisiana,2,14,"Sep 2 - Sep 14, 2020",9/2/2020,9/14/2020,23.1,19.7,26.7,19.7 - 26.7,22.9-30.1
"Took Prescription Medication for Mental Health, Last 4 Weeks",By State,Maine,2,14,"Sep 2 - Sep 14, 2020",9/2/2020,9/14/2020,30.1,24.8,35.8,24.8 - 35.8,22.9-30.1
"Took Prescription Medication for Mental Health, Last 4 Weeks",By State,Maryland,2,14,"Sep 2 - Sep 14, 2020",9/2/2020,9/14/2020,16.9,14.7,19.3,14.7 - 19.3,11.2-18.8
"Took Prescription Medication for Mental Health, Last 4 Weeks",By State,Massachusetts,2,14,"Sep 2 - Sep 14, 2020",9/2/2020,9/14/2020,23.2,20.2,26.4,20.2 - 26.4,22.9-30.1
"Took Prescription Medication for Mental Health, Last 4 Weeks",By State,Michigan,2,14,"Sep 2 - Sep 14, 2020",9/2/2020,9/14/2020,21.5,18.1,25.3,18.1 - 25.3,21.3-22.8
"Took Prescription Medication for Mental Health, Last 4 Weeks",By State,Minnesota,2,14,"Sep 2 - Sep 14, 2020",9/2/2020,9/14/2020,22.9,19.8,26.1,19.8 - 26.1,22.9-30.1
"Took Prescription Medication for Mental Health, Last 4 Weeks",By State,Mississippi,2,14,"Sep 2 - Sep 14, 2020",9/2/2020,9/14/2020,23.5,20.4,26.8,20.4 - 26.8,22.9-30.1
"Took Prescription Medication for Mental Health, Last 4 Weeks",By State,Missouri,2,14,"Sep 2 - Sep 14, 2020",9/2/2020,9/14/2020,21.3,18.6,24.2,18.6 - 24.2,21.3-22.8
"Took Prescription Medication for Mental Health, Last 4 Weeks",By State,Montana,2,14,"Sep 2 - Sep 14, 2020",9/2/2020,9/14/2020,21.8,18.8,25,18.8 - 25.0,21.3-22.8
"Took Prescription Medication for Mental Health, Last 4 Weeks",By State,Nebraska,2,14,"Sep 2 - Sep 14, 2020",9/2/2020,9/14/2020,21.3,19,23.9,19.0 - 23.9,21.3-22.8
"Took Prescription Medication for Mental Health, Last 4 Weeks",By State,Nevada,2,14,"Sep 2 - Sep 14, 2020",9/2/2020,9/14/2020,15.9,13.1,19.1,13.1 - 19.1,11.2-18.8
"Took Prescription Medication for Mental Health, Last 4 Weeks",By State,New Hampshire,2,14,"Sep 2 - Sep 14, 2020",9/2/2020,9/14/2020,22.9,20,25.9,20.0 - 25.9,22.9-30.1
"Took Prescription Medication for Mental Health, Last 4 Weeks",By State,New Jersey,2,14,"Sep 2 - Sep 14, 2020",9/2/2020,9/14/2020,17.9,14.8,21.3,14.8 - 21.3,11.2-18.8
"Took Prescription Medication for Mental Health, Last 4 Weeks",By State,New Mexico,2,14,"Sep 2 - Sep 14, 2020",9/2/2020,9/14/2020,18.8,16.3,21.5,16.3 - 21.5,11.2-18.8
"Took Prescription Medication for Mental Health, Last 4 Weeks",By State,New York,2,14,"Sep 2 - Sep 14, 2020",9/2/2020,9/14/2020,17.8,15,20.9,15.0 - 20.9,11.2-18.8
"Took Prescription Medication for Mental Health, Last 4 Weeks",By State,North Carolina,2,14,"Sep 2 - Sep 14, 2020",9/2/2020,9/14/2020,22.3,18.7,26.3,18.7 - 26.3,21.3-22.8
"Took Prescription Medication for Mental Health, Last 4 Weeks",By State,North Dakota,2,14,"Sep 2 - Sep 14, 2020",9/2/2020,9/14/2020,15.7,13,18.7,13.0 - 18.7,11.2-18.8
"Took Prescription Medication for Mental Health, Last 4 Weeks",By State,Ohio,2,14,"Sep 2 - Sep 14, 2020",9/2/2020,9/14/2020,21.2,17.7,25,17.7 - 25.0,18.9-21.2
"Took Prescription Medication for Mental Health, Last 4 Weeks",By State,Oklahoma,2,14,"Sep 2 - Sep 14, 2020",9/2/2020,9/14/2020,22.6,19.3,26.1,19.3 - 26.1,21.3-22.8
"Took Prescription Medication for Mental Health, Last 4 Weeks",By State,Oregon,2,14,"Sep 2 - Sep 14, 2020",9/2/2020,9/14/2020,21.2,19.3,23.2,19.3 - 23.2,18.9-21.2
"Took Prescription Medication for Mental Health, Last 4 Weeks",By State,Pennsylvania,2,14,"Sep 2 - Sep 14, 2020",9/2/2020,9/14/2020,20.1,17.4,22.9,17.4 - 22.9,18.9-21.2
"Took Prescription Medication for Mental Health, Last 4 Weeks",By State,Rhode Island,2,14,"Sep 2 - Sep 14, 2020",9/2/2020,9/14/2020,22.6,19.4,26.1,19.4 - 26.1,21.3-22.8
"Took Prescription Medication for Mental Health, Last 4 Weeks",By State,South Carolina,2,14,"Sep 2 - Sep 14, 2020",9/2/2020,9/14/2020,22.7,19.3,26.4,19.3 - 26.4,21.3-22.8
"Took Prescription Medication for Mental Health, Last 4 Weeks",By State,South Dakota,2,14,"Sep 2 - Sep 14, 2020",9/2/2020,9/14/2020,20.3,16.9,24.1,16.9 - 24.1,18.9-21.2
"Took Prescription Medication for Mental Health, Last 4 Weeks",By State,Tennessee,2,14,"Sep 2 - Sep 14, 2020",9/2/2020,9/14/2020,19.4,17,22,17.0 - 22.0,18.9-21.2
"Took Prescription Medication for Mental Health, Last 4 Weeks",By State,Texas,2,14,"Sep 2 - Sep 14, 2020",9/2/2020,9/14/2020,18.1,16.3,19.9,16.3 - 19.9,11.2-18.8
"Took Prescription Medication for Mental Health, Last 4 Weeks",By State,Utah,2,14,"Sep 2 - Sep 14, 2020",9/2/2020,9/14/2020,22.3,19.8,24.9,19.8 - 24.9,21.3-22.8
"Took Prescription Medication for Mental Health, Last 4 Weeks",By State,Vermont,2,14,"Sep 2 - Sep 14, 2020",9/2/2020,9/14/2020,22.3,18.9,26.1,18.9 - 26.1,21.3-22.8
"Took Prescription Medication for Mental Health, Last 4 Weeks",By State,Virginia,2,14,"Sep 2 - Sep 14, 2020",9/2/2020,9/14/2020,19.5,16.8,22.4,16.8 - 22.4,18.9-21.2
"Took Prescription Medication for Mental Health, Last 4 Weeks",By State,Washington,2,14,"Sep 2 - Sep 14, 2020",9/2/2020,9/14/2020,19.4,17.8,21,17.8 - 21.0,18.9-21.2
"Took Prescription Medication for Mental Health, Last 4 Weeks",By State,West Virginia,2,14,"Sep 2 - Sep 14, 2020",9/2/2020,9/14/2020,26.2,21.9,30.9,21.9 - 30.9,22.9-30.1
"Took Prescription Medication for Mental Health, Last 4 Weeks",By State,Wisconsin,2,14,"Sep 2 - Sep 14, 2020",9/2/2020,9/14/2020,24,20.9,27.2,20.9 - 27.2,22.9-30.1
"Took Prescription Medication for Mental Health, Last 4 Weeks",By State,Wyoming,2,14,"Sep 2 - Sep 14, 2020",9/2/2020,9/14/2020,18.1,14.8,21.9,14.8 - 21.9,11.2-18.8
"Received Counseling or Therapy, Last 4 Weeks",National Estimate,United States,2,14,"Sep 2 - Sep 14, 2020",9/2/2020,9/14/2020,9.1,8.7,9.5,8.7 - 9.5,Unknown
"Received Counseling or Therapy, Last 4 Weeks",By Age,18 - 29 years,2,14,"Sep 2 - Sep 14, 2020",9/2/2020,9/14/2020,13,11.8,14.2,11.8 - 14.2,Unknown
"Received Counseling or Therapy, Last 4 Weeks",By Age,30 - 39 years,2,14,"Sep 2 - Sep 14, 2020",9/2/2020,9/14/2020,12.4,11.6,13.2,11.6 - 13.2,Unknown
"Received Counseling or Therapy, Last 4 Weeks",By Age,40 - 49 years,2,14,"Sep 2 - Sep 14, 2020",9/2/2020,9/14/2020,10.5,9.7,11.4,9.7 - 11.4,Unknown
"Received Counseling or Therapy, Last 4 Weeks",By Age,50 - 59 years,2,14,"Sep 2 - Sep 14, 2020",9/2/2020,9/14/2020,8.1,7.4,8.8,7.4 - 8.8,Unknown
"Received Counseling or Therapy, Last 4 Weeks",By Age,60 - 69 years,2,14,"Sep 2 - Sep 14, 2020",9/2/2020,9/14/2020,5.9,5.3,6.6,5.3 - 6.6,Unknown
"Received Counseling or Therapy, Last 4 Weeks",By Age,70 - 79 years,2,14,"Sep 2 - Sep 14, 2020",9/2/2020,9/14/2020,3.7,3.2,4.4,3.2 - 4.4,Unknown
"Received Counseling or Therapy, Last 4 Weeks",By Age,80 years and above,2,14,"Sep 2 - Sep 14, 2020",9/2/2020,9/14/2020,3.5,2.3,5.1,2.3 - 5.1,Unknown
"Received Counseling or Therapy, Last 4 Weeks",By Sex,Male,2,14,"Sep 2 - Sep 14, 2020",9/2/2020,9/14/2020,7,6.5,7.5,6.5 - 7.5,Unknown
"Received Counseling or Therapy, Last 4 Weeks",By Sex,Female,2,14,"Sep 2 - Sep 14, 2020",9/2/2020,9/14/2020,11,10.5,11.6,10.5 - 11.6,Unknown
"Received Counseling or Therapy, Last 4 Weeks",By Presence of Symptoms of Anxiety/Depression,Did not experience symptoms of anxiety/depression in the past 4 weeks,2,14,"Sep 2 - Sep 14, 2020",9/2/2020,9/14/2020,5.2,4.9,5.6,4.9 - 5.6,Unknown
"Received Counseling or Therapy, Last 4 Weeks",By Presence of Symptoms of Anxiety/Depression,Experienced symptoms of anxiety/depression in past 4 weeks,2,14,"Sep 2 - Sep 14, 2020",9/2/2020,9/14/2020,16,15.3,16.7,15.3 - 16.7,Unknown
"Received Counseling or Therapy, Last 4 Weeks",By Race/Hispanic ethnicity,Hispanic or Latino,2,14,"Sep 2 - Sep 14, 2020",9/2/2020,9/14/2020,7.9,6.9,8.9,6.9 - 8.9,Unknown
"Received Counseling or Therapy, Last 4 Weeks",By Race/Hispanic ethnicity,"Non-Hispanic White, single race",2,14,"Sep 2 - Sep 14, 2020",9/2/2020,9/14/2020,9.5,9.1,9.9,9.1 - 9.9,Unknown
"Received Counseling or Therapy, Last 4 Weeks",By Race/Hispanic ethnicity,"Non-Hispanic Black, single race",2,14,"Sep 2 - Sep 14, 2020",9/2/2020,9/14/2020,9.5,8,11.1,8.0 - 11.1,Unknown
"Received Counseling or Therapy, Last 4 Weeks",By Race/Hispanic ethnicity,"Non-Hispanic Asian, single race",2,14,"Sep 2 - Sep 14, 2020",9/2/2020,9/14/2020,5.3,4.2,6.6,4.2 - 6.6,Unknown
"Received Counseling or Therapy, Last 4 Weeks",By Race/Hispanic ethnicity,"Non-Hispanic, other races and multiple races",2,14,"Sep 2 - Sep 14, 2020",9/2/2020,9/14/2020,11.6,9.5,14,9.5 - 14.0,Unknown
"Received Counseling or Therapy, Last 4 Weeks",By Education,Less than a high school diploma,2,14,"Sep 2 - Sep 14, 2020",9/2/2020,9/14/2020,7.2,5.6,9,5.6 - 9.0,Unknown
"Received Counseling or Therapy, Last 4 Weeks",By Education,High school diploma or GED,2,14,"Sep 2 - Sep 14, 2020",9/2/2020,9/14/2020,6.7,5.9,7.7,5.9 - 7.7,Unknown
"Received Counseling or Therapy, Last 4 Weeks",By Education,Some college/Associate's degree,2,14,"Sep 2 - Sep 14, 2020",9/2/2020,9/14/2020,9.4,8.8,10.1,8.8 - 10.1,Unknown
"Received Counseling or Therapy, Last 4 Weeks",By Education,Bachelor's degree or higher,2,14,"Sep 2 - Sep 14, 2020",9/2/2020,9/14/2020,11.3,10.9,11.7,10.9 - 11.7,Unknown
"Received Counseling or Therapy, Last 4 Weeks",By State,Alabama,2,14,"Sep 2 - Sep 14, 2020",9/2/2020,9/14/2020,6.9,5.1,9,5.1 - 9.0,5.3-7.7
"Received Counseling or Therapy, Last 4 Weeks",By State,Alaska,2,14,"Sep 2 - Sep 14, 2020",9/2/2020,9/14/2020,8.2,6.5,10.2,6.5 - 10.2,7.8-8.9
"Received Counseling or Therapy, Last 4 Weeks",By State,Arizona,2,14,"Sep 2 - Sep 14, 2020",9/2/2020,9/14/2020,10.1,8,12.5,8.0 - 12.5,10.0-17.0
"Received Counseling or Therapy, Last 4 Weeks",By State,Arkansas,2,14,"Sep 2 - Sep 14, 2020",9/2/2020,9/14/2020,6.4,4.8,8.3,4.8 - 8.3,5.3-7.7
"Received Counseling or Therapy, Last 4 Weeks",By State,California,2,14,"Sep 2 - Sep 14, 2020",9/2/2020,9/14/2020,8.9,8,9.9,8.0 - 9.9,7.8-8.9
"Received Counseling or Therapy, Last 4 Weeks",By State,Colorado,2,14,"Sep 2 - Sep 14, 2020",9/2/2020,9/14/2020,9.5,8.2,10.9,8.2 - 10.9,9.0-9.9
"Received Counseling or Therapy, Last 4 Weeks",By State,Connecticut,2,14,"Sep 2 - Sep 14, 2020",9/2/2020,9/14/2020,12,9.6,14.7,9.6 - 14.7,10.0-17.0
"Received Counseling or Therapy, Last 4 Weeks",By State,Delaware,2,14,"Sep 2 - Sep 14, 2020",9/2/2020,9/14/2020,9.3,6.5,12.8,6.5 - 12.8,9.0-9.9
"Received Counseling or Therapy, Last 4 Weeks",By State,District of Columbia,2,14,"Sep 2 - Sep 14, 2020",9/2/2020,9/14/2020,17,12.9,21.7,12.9 - 21.7,10.0-17.0
"Received Counseling or Therapy, Last 4 Weeks",By State,Florida,2,14,"Sep 2 - Sep 14, 2020",9/2/2020,9/14/2020,7.7,6,9.8,6.0 - 9.8,5.3-7.7
"Received Counseling or Therapy, Last 4 Weeks",By State,Georgia,2,14,"Sep 2 - Sep 14, 2020",9/2/2020,9/14/2020,9.3,7.5,11.4,7.5 - 11.4,9.0-9.9
"Received Counseling or Therapy, Last 4 Weeks",By State,Hawaii,2,14,"Sep 2 - Sep 14, 2020",9/2/2020,9/14/2020,5.3,3.8,7.1,3.8 - 7.1,5.3-7.7
"Received Counseling or Therapy, Last 4 Weeks",By State,Idaho,2,14,"Sep 2 - Sep 14, 2020",9/2/2020,9/14/2020,8.8,7,10.9,7.0 - 10.9,7.8-8.9
"Received Counseling or Therapy, Last 4 Weeks",By State,Illinois,2,14,"Sep 2 - Sep 14, 2020",9/2/2020,9/14/2020,9.8,8.1,11.8,8.1 - 11.8,9.0-9.9
"Received Counseling or Therapy, Last 4 Weeks",By State,Indiana,2,14,"Sep 2 - Sep 14, 2020",9/2/2020,9/14/2020,6.7,4.8,9.2,4.8 - 9.2,5.3-7.7
"Received Counseling or Therapy, Last 4 Weeks",By State,Iowa,2,14,"Sep 2 - Sep 14, 2020",9/2/2020,9/14/2020,7.6,6,9.3,6.0 - 9.3,5.3-7.7
"Received Counseling or Therapy, Last 4 Weeks",By State,Kansas,2,14,"Sep 2 - Sep 14, 2020",9/2/2020,9/14/2020,6.8,5.4,8.4,5.4 - 8.4,5.3-7.7
"Received Counseling or Therapy, Last 4 Weeks",By State,Kentucky,2,14,"Sep 2 - Sep 14, 2020",9/2/2020,9/14/2020,10.1,7.4,13.6,7.4 - 13.6,10.0-17.0
"Received Counseling or Therapy, Last 4 Weeks",By State,Louisiana,2,14,"Sep 2 - Sep 14, 2020",9/2/2020,9/14/2020,7.7,5.6,10.3,5.6 - 10.3,5.3-7.7
"Received Counseling or Therapy, Last 4 Weeks",By State,Maine,2,14,"Sep 2 - Sep 14, 2020",9/2/2020,9/14/2020,10.1,7.6,13,7.6 - 13.0,10.0-17.0
"Received Counseling or Therapy, Last 4 Weeks",By State,Maryland,2,14,"Sep 2 - Sep 14, 2020",9/2/2020,9/14/2020,9.6,8.2,11.2,8.2 - 11.2,9.0-9.9
"Received Counseling or Therapy, Last 4 Weeks",By State,Massachusetts,2,14,"Sep 2 - Sep 14, 2020",9/2/2020,9/14/2020,14.5,12.4,16.8,12.4 - 16.8,10.0-17.0
"Received Counseling or Therapy, Last 4 Weeks",By State,Michigan,2,14,"Sep 2 - Sep 14, 2020",9/2/2020,9/14/2020,9.3,7.2,11.7,7.2 - 11.7,9.0-9.9
"Received Counseling or Therapy, Last 4 Weeks",By State,Minnesota,2,14,"Sep 2 - Sep 14, 2020",9/2/2020,9/14/2020,9.3,7.7,11.3,7.7 - 11.3,9.0-9.9
"Received Counseling or Therapy, Last 4 Weeks",By State,Mississippi,2,14,"Sep 2 - Sep 14, 2020",9/2/2020,9/14/2020,5.6,4.2,7.4,4.2 - 7.4,5.3-7.7
"Received Counseling or Therapy, Last 4 Weeks",By State,Missouri,2,14,"Sep 2 - Sep 14, 2020",9/2/2020,9/14/2020,8.1,5.9,10.9,5.9 - 10.9,7.8-8.9
"Received Counseling or Therapy, Last 4 Weeks",By State,Montana,2,14,"Sep 2 - Sep 14, 2020",9/2/2020,9/14/2020,10.5,8,13.4,8.0 - 13.4,10.0-17.0
"Received Counseling or Therapy, Last 4 Weeks",By State,Nebraska,2,14,"Sep 2 - Sep 14, 2020",9/2/2020,9/14/2020,6.7,5.2,8.4,5.2 - 8.4,5.3-7.7
"Received Counseling or Therapy, Last 4 Weeks",By State,Nevada,2,14,"Sep 2 - Sep 14, 2020",9/2/2020,9/14/2020,7.8,5.5,10.7,5.5 - 10.7,7.8-8.9
"Received Counseling or Therapy, Last 4 Weeks",By State,New Hampshire,2,14,"Sep 2 - Sep 14, 2020",9/2/2020,9/14/2020,9.6,7.7,11.8,7.7 - 11.8,9.0-9.9
"Received Counseling or Therapy, Last 4 Weeks",By State,New Jersey,2,14,"Sep 2 - Sep 14, 2020",9/2/2020,9/14/2020,8.8,6.8,11.1,6.8 - 11.1,7.8-8.9
"Received Counseling or Therapy, Last 4 Weeks",By State,New Mexico,2,14,"Sep 2 - Sep 14, 2020",9/2/2020,9/14/2020,8.5,6.6,10.7,6.6 - 10.7,7.8-8.9
"Received Counseling or Therapy, Last 4 Weeks",By State,New York,2,14,"Sep 2 - Sep 14, 2020",9/2/2020,9/14/2020,12,9.3,15.1,9.3 - 15.1,10.0-17.0
"Received Counseling or Therapy, Last 4 Weeks",By State,North Carolina,2,14,"Sep 2 - Sep 14, 2020",9/2/2020,9/14/2020,7.6,5.3,10.5,5.3 - 10.5,5.3-7.7
"Received Counseling or Therapy, Last 4 Weeks",By State,North Dakota,2,14,"Sep 2 - Sep 14, 2020",9/2/2020,9/14/2020,5.9,4.1,8.1,4.1 - 8.1,5.3-7.7
"Received Counseling or Therapy, Last 4 Weeks",By State,Ohio,2,14,"Sep 2 - Sep 14, 2020",9/2/2020,9/14/2020,7.7,6.1,9.5,6.1 - 9.5,5.3-7.7
"Received Counseling or Therapy, Last 4 Weeks",By State,Oklahoma,2,14,"Sep 2 - Sep 14, 2020",9/2/2020,9/14/2020,8.2,6.1,10.6,6.1 - 10.6,7.8-8.9
"Received Counseling or Therapy, Last 4 Weeks",By State,Oregon,2,14,"Sep 2 - Sep 14, 2020",9/2/2020,9/14/2020,10.4,9,11.9,9.0 - 11.9,10.0-17.0
"Received Counseling or Therapy, Last 4 Weeks",By State,Pennsylvania,2,14,"Sep 2 - Sep 14, 2020",9/2/2020,9/14/2020,8.6,7,10.5,7.0 - 10.5,7.8-8.9
"Received Counseling or Therapy, Last 4 Weeks",By State,Rhode Island,2,14,"Sep 2 - Sep 14, 2020",9/2/2020,9/14/2020,12.5,9.6,15.9,9.6 - 15.9,10.0-17.0
"Received Counseling or Therapy, Last 4 Weeks",By State,South Carolina,2,14,"Sep 2 - Sep 14, 2020",9/2/2020,9/14/2020,9,6.6,11.9,6.6 - 11.9,9.0-9.9
"Received Counseling or Therapy, Last 4 Weeks",By State,South Dakota,2,14,"Sep 2 - Sep 14, 2020",9/2/2020,9/14/2020,5.4,4,7.2,4.0 - 7.2,5.3-7.7
"Received Counseling or Therapy, Last 4 Weeks",By State,Tennessee,2,14,"Sep 2 - Sep 14, 2020",9/2/2020,9/14/2020,8.1,6.4,10,6.4 - 10.0,7.8-8.9
"Received Counseling or Therapy, Last 4 Weeks",By State,Texas,2,14,"Sep 2 - Sep 14, 2020",9/2/2020,9/14/2020,9.2,7.7,10.9,7.7 - 10.9,9.0-9.9
"Received Counseling or Therapy, Last 4 Weeks",By State,Utah,2,14,"Sep 2 - Sep 14, 2020",9/2/2020,9/14/2020,9,7.6,10.6,7.6 - 10.6,9.0-9.9
"Received Counseling or Therapy, Last 4 Weeks",By State,Vermont,2,14,"Sep 2 - Sep 14, 2020",9/2/2020,9/14/2020,12.3,9.4,15.6,9.4 - 15.6,10.0-17.0
"Received Counseling or Therapy, Last 4 Weeks",By State,Virginia,2,14,"Sep 2 - Sep 14, 2020",9/2/2020,9/14/2020,10.6,8.6,12.9,8.6 - 12.9,10.0-17.0
"Received Counseling or Therapy, Last 4 Weeks",By State,Washington,2,14,"Sep 2 - Sep 14, 2020",9/2/2020,9/14/2020,9.9,8.6,11.5,8.6 - 11.5,9.0-9.9
"Received Counseling or Therapy, Last 4 Weeks",By State,West Virginia,2,14,"Sep 2 - Sep 14, 2020",9/2/2020,9/14/2020,9.5,6.9,12.5,6.9 - 12.5,9.0-9.9
"Received Counseling or Therapy, Last 4 Weeks",By State,Wisconsin,2,14,"Sep 2 - Sep 14, 2020",9/2/2020,9/14/2020,8.6,6.4,11.2,6.4 - 11.2,7.8-8.9
"Received Counseling or Therapy, Last 4 Weeks",By State,Wyoming,2,14,"Sep 2 - Sep 14, 2020",9/2/2020,9/14/2020,8.7,6.2,12,6.2 - 12.0,7.8-8.9
"Took Prescription Medication for Mental Health And/Or Received Counseling or Therapy, Last 4 Weeks",National Estimate,United States,2,14,"Sep 2 - Sep 14, 2020",9/2/2020,9/14/2020,22.8,22.2,23.4,22.2 - 23.4,Unknown
"Took Prescription Medication for Mental Health And/Or Received Counseling or Therapy, Last 4 Weeks",By Age,18 - 29 years,2,14,"Sep 2 - Sep 14, 2020",9/2/2020,9/14/2020,23.1,21.8,24.4,21.8 - 24.4,Unknown
"Took Prescription Medication for Mental Health And/Or Received Counseling or Therapy, Last 4 Weeks",By Age,30 - 39 years,2,14,"Sep 2 - Sep 14, 2020",9/2/2020,9/14/2020,24.3,23.1,25.5,23.1 - 25.5,Unknown
"Took Prescription Medication for Mental Health And/Or Received Counseling or Therapy, Last 4 Weeks",By Age,40 - 49 years,2,14,"Sep 2 - Sep 14, 2020",9/2/2020,9/14/2020,23.8,22.6,25,22.6 - 25.0,Unknown
"Took Prescription Medication for Mental Health And/Or Received Counseling or Therapy, Last 4 Weeks",By Age,50 - 59 years,2,14,"Sep 2 - Sep 14, 2020",9/2/2020,9/14/2020,23.5,22.3,24.7,22.3 - 24.7,Unknown
"Took Prescription Medication for Mental Health And/Or Received Counseling or Therapy, Last 4 Weeks",By Age,60 - 69 years,2,14,"Sep 2 - Sep 14, 2020",9/2/2020,9/14/2020,22.7,21.7,23.6,21.7 - 23.6,Unknown
"Took Prescription Medication for Mental Health And/Or Received Counseling or Therapy, Last 4 Weeks",By Age,70 - 79 years,2,14,"Sep 2 - Sep 14, 2020",9/2/2020,9/14/2020,19.3,17.6,21.1,17.6 - 21.1,Unknown
"Took Prescription Medication for Mental Health And/Or Received Counseling or Therapy, Last 4 Weeks",By Age,80 years and above,2,14,"Sep 2 - Sep 14, 2020",9/2/2020,9/14/2020,13.8,10.1,18.3,10.1 - 18.3,Unknown
"Took Prescription Medication for Mental Health And/Or Received Counseling or Therapy, Last 4 Weeks",By Sex,Male,2,14,"Sep 2 - Sep 14, 2020",9/2/2020,9/14/2020,17.4,16.6,18.1,16.6 - 18.1,Unknown
"Took Prescription Medication for Mental Health And/Or Received Counseling or Therapy, Last 4 Weeks",By Sex,Female,2,14,"Sep 2 - Sep 14, 2020",9/2/2020,9/14/2020,27.8,27,28.6,27.0 - 28.6,Unknown
"Took Prescription Medication for Mental Health And/Or Received Counseling or Therapy, Last 4 Weeks",By Presence of Symptoms of Anxiety/Depression,Did not experience symptoms of anxiety/depression in the past 4 weeks,2,14,"Sep 2 - Sep 14, 2020",9/2/2020,9/14/2020,14.3,13.6,14.9,13.6 - 14.9,Unknown
"Took Prescription Medication for Mental Health And/Or Received Counseling or Therapy, Last 4 Weeks",By Presence of Symptoms of Anxiety/Depression,Experienced symptoms of anxiety/depression in past 4 weeks,2,14,"Sep 2 - Sep 14, 2020",9/2/2020,9/14/2020,37.9,37,38.9,37.0 - 38.9,Unknown
"Took Prescription Medication for Mental Health And/Or Received Counseling or Therapy, Last 4 Weeks",By Race/Hispanic ethnicity,Hispanic or Latino,2,14,"Sep 2 - Sep 14, 2020",9/2/2020,9/14/2020,18.8,17.3,20.4,17.3 - 20.4,Unknown
"Took Prescription Medication for Mental Health And/Or Received Counseling or Therapy, Last 4 Weeks",By Race/Hispanic ethnicity,"Non-Hispanic White, single race",2,14,"Sep 2 - Sep 14, 2020",9/2/2020,9/14/2020,25.2,24.7,25.8,24.7 - 25.8,Unknown
"Took Prescription Medication for Mental Health And/Or Received Counseling or Therapy, Last 4 Weeks",By Race/Hispanic ethnicity,"Non-Hispanic Black, single race",2,14,"Sep 2 - Sep 14, 2020",9/2/2020,9/14/2020,18.4,16.6,20.3,16.6 - 20.3,Unknown
"Took Prescription Medication for Mental Health And/Or Received Counseling or Therapy, Last 4 Weeks",By Race/Hispanic ethnicity,"Non-Hispanic Asian, single race",2,14,"Sep 2 - Sep 14, 2020",9/2/2020,9/14/2020,10.3,9,11.6,9.0 - 11.6,Unknown
"Took Prescription Medication for Mental Health And/Or Received Counseling or Therapy, Last 4 Weeks",By Race/Hispanic ethnicity,"Non-Hispanic, other races and multiple races",2,14,"Sep 2 - Sep 14, 2020",9/2/2020,9/14/2020,26.4,23.3,29.8,23.3 - 29.8,Unknown
"Took Prescription Medication for Mental Health And/Or Received Counseling or Therapy, Last 4 Weeks",By Education,Less than a high school diploma,2,14,"Sep 2 - Sep 14, 2020",9/2/2020,9/14/2020,18.9,16.4,21.6,16.4 - 21.6,Unknown
"Took Prescription Medication for Mental Health And/Or Received Counseling or Therapy, Last 4 Weeks",By Education,High school diploma or GED,2,14,"Sep 2 - Sep 14, 2020",9/2/2020,9/14/2020,20.7,19.3,22.2,19.3 - 22.2,Unknown
"Took Prescription Medication for Mental Health And/Or Received Counseling or Therapy, Last 4 Weeks",By Education,Some college/Associate's degree,2,14,"Sep 2 - Sep 14, 2020",9/2/2020,9/14/2020,24.6,23.7,25.5,23.7 - 25.5,Unknown
"Took Prescription Medication for Mental Health And/Or Received Counseling or Therapy, Last 4 Weeks",By Education,Bachelor's degree or higher,2,14,"Sep 2 - Sep 14, 2020",9/2/2020,9/14/2020,23.8,23.3,24.4,23.3 - 24.4,Unknown
"Took Prescription Medication for Mental Health And/Or Received Counseling or Therapy, Last 4 Weeks",By State,Alabama,2,14,"Sep 2 - Sep 14, 2020",9/2/2020,9/14/2020,22.7,19.7,25.9,19.7 - 25.9,22.3-24.2
"Took Prescription Medication for Mental Health And/Or Received Counseling or Therapy, Last 4 Weeks",By State,Alaska,2,14,"Sep 2 - Sep 14, 2020",9/2/2020,9/14/2020,19,16.2,22,16.2 - 22.0,13.3-22.2
"Took Prescription Medication for Mental Health And/Or Received Counseling or Therapy, Last 4 Weeks",By State,Arizona,2,14,"Sep 2 - Sep 14, 2020",9/2/2020,9/14/2020,22.7,20.2,25.3,20.2 - 25.3,22.3-24.2
"Took Prescription Medication for Mental Health And/Or Received Counseling or Therapy, Last 4 Weeks",By State,Arkansas,2,14,"Sep 2 - Sep 14, 2020",9/2/2020,9/14/2020,27.5,23.6,31.7,23.6 - 31.7,25.7-33.0
"Took Prescription Medication for Mental Health And/Or Received Counseling or Therapy, Last 4 Weeks",By State,California,2,14,"Sep 2 - Sep 14, 2020",9/2/2020,9/14/2020,19.6,18.2,21,18.2 - 21.0,13.3-22.2
"Took Prescription Medication for Mental Health And/Or Received Counseling or Therapy, Last 4 Weeks",By State,Colorado,2,14,"Sep 2 - Sep 14, 2020",9/2/2020,9/14/2020,21.7,19.4,24,19.4 - 24.0,13.3-22.2
"Took Prescription Medication for Mental Health And/Or Received Counseling or Therapy, Last 4 Weeks",By State,Connecticut,2,14,"Sep 2 - Sep 14, 2020",9/2/2020,9/14/2020,24.4,21.1,27.9,21.1 - 27.9,24.3-25.6
"Took Prescription Medication for Mental Health And/Or Received Counseling or Therapy, Last 4 Weeks",By State,Delaware,2,14,"Sep 2 - Sep 14, 2020",9/2/2020,9/14/2020,25.4,21.6,29.5,21.6 - 29.5,24.3-25.6
"Took Prescription Medication for Mental Health And/Or Received Counseling or Therapy, Last 4 Weeks",By State,District of Columbia,2,14,"Sep 2 - Sep 14, 2020",9/2/2020,9/14/2020,28.2,22.8,34.2,22.8 - 34.2,25.7-33.0
"Took Prescription Medication for Mental Health And/Or Received Counseling or Therapy, Last 4 Weeks",By State,Florida,2,14,"Sep 2 - Sep 14, 2020",9/2/2020,9/14/2020,20,17.6,22.6,17.6 - 22.6,13.3-22.2
"Took Prescription Medication for Mental Health And/Or Received Counseling or Therapy, Last 4 Weeks",By State,Georgia,2,14,"Sep 2 - Sep 14, 2020",9/2/2020,9/14/2020,23.2,20.5,26.1,20.5 - 26.1,22.3-24.2
"Took Prescription Medication for Mental Health And/Or Received Counseling or Therapy, Last 4 Weeks",By State,Hawaii,2,14,"Sep 2 - Sep 14, 2020",9/2/2020,9/14/2020,13.3,9.8,17.5,9.8 - 17.5,13.3-22.2
"Took Prescription Medication for Mental Health And/Or Received Counseling or Therapy, Last 4 Weeks",By State,Idaho,2,14,"Sep 2 - Sep 14, 2020",9/2/2020,9/14/2020,25.6,21.8,29.7,21.8 - 29.7,24.3-25.6
"Took Prescription Medication for Mental Health And/Or Received Counseling or Therapy, Last 4 Weeks",By State,Illinois,2,14,"Sep 2 - Sep 14, 2020",9/2/2020,9/14/2020,22.4,20,24.9,20.0 - 24.9,22.3-24.2
"Took Prescription Medication for Mental Health And/Or Received Counseling or Therapy, Last 4 Weeks",By State,Indiana,2,14,"Sep 2 - Sep 14, 2020",9/2/2020,9/14/2020,25.2,21.5,29.1,21.5 - 29.1,24.3-25.6
"Took Prescription Medication for Mental Health And/Or Received Counseling or Therapy, Last 4 Weeks",By State,Iowa,2,14,"Sep 2 - Sep 14, 2020",9/2/2020,9/14/2020,24.7,21.9,27.6,21.9 - 27.6,24.3-25.6
"Took Prescription Medication for Mental Health And/Or Received Counseling or Therapy, Last 4 Weeks",By State,Kansas,2,14,"Sep 2 - Sep 14, 2020",9/2/2020,9/14/2020,24.2,20.8,27.7,20.8 - 27.7,22.3-24.2
"Took Prescription Medication for Mental Health And/Or Received Counseling or Therapy, Last 4 Weeks",By State,Kentucky,2,14,"Sep 2 - Sep 14, 2020",9/2/2020,9/14/2020,28.2,24.1,32.6,24.1 - 32.6,25.7-33.0
"Took Prescription Medication for Mental Health And/Or Received Counseling or Therapy, Last 4 Weeks",By State,Louisiana,2,14,"Sep 2 - Sep 14, 2020",9/2/2020,9/14/2020,25.2,21.6,29.2,21.6 - 29.2,24.3-25.6
"Took Prescription Medication for Mental Health And/Or Received Counseling or Therapy, Last 4 Weeks",By State,Maine,2,14,"Sep 2 - Sep 14, 2020",9/2/2020,9/14/2020,33,27.5,38.8,27.5 - 38.8,25.7-33.0
"Took Prescription Medication for Mental Health And/Or Received Counseling or Therapy, Last 4 Weeks",By State,Maryland,2,14,"Sep 2 - Sep 14, 2020",9/2/2020,9/14/2020,20.4,18,23,18.0 - 23.0,13.3-22.2
"Took Prescription Medication for Mental Health And/Or Received Counseling or Therapy, Last 4 Weeks",By State,Massachusetts,2,14,"Sep 2 - Sep 14, 2020",9/2/2020,9/14/2020,27.7,24.7,30.9,24.7 - 30.9,25.7-33.0
"Took Prescription Medication for Mental Health And/Or Received Counseling or Therapy, Last 4 Weeks",By State,Michigan,2,14,"Sep 2 - Sep 14, 2020",9/2/2020,9/14/2020,25.5,21.6,29.8,21.6 - 29.8,24.3-25.6
"Took Prescription Medication for Mental Health And/Or Received Counseling or Therapy, Last 4 Weeks",By State,Minnesota,2,14,"Sep 2 - Sep 14, 2020",9/2/2020,9/14/2020,26.1,23,29.3,23.0 - 29.3,25.7-33.0
"Took Prescription Medication for Mental Health And/Or Received Counseling or Therapy, Last 4 Weeks",By State,Mississippi,2,14,"Sep 2 - Sep 14, 2020",9/2/2020,9/14/2020,24.9,22,28,22.0 - 28.0,24.3-25.6
"Took Prescription Medication for Mental Health And/Or Received Counseling or Therapy, Last 4 Weeks",By State,Missouri,2,14,"Sep 2 - Sep 14, 2020",9/2/2020,9/14/2020,24.4,21.3,27.6,21.3 - 27.6,24.3-25.6
"Took Prescription Medication for Mental Health And/Or Received Counseling or Therapy, Last 4 Weeks",By State,Montana,2,14,"Sep 2 - Sep 14, 2020",9/2/2020,9/14/2020,26.3,23.3,29.5,23.3 - 29.5,25.7-33.0
"Took Prescription Medication for Mental Health And/Or Received Counseling or Therapy, Last 4 Weeks",By State,Nebraska,2,14,"Sep 2 - Sep 14, 2020",9/2/2020,9/14/2020,23.2,20.8,25.8,20.8 - 25.8,22.3-24.2
"Took Prescription Medication for Mental Health And/Or Received Counseling or Therapy, Last 4 Weeks",By State,Nevada,2,14,"Sep 2 - Sep 14, 2020",9/2/2020,9/14/2020,18,14.9,21.4,14.9 - 21.4,13.3-22.2
"Took Prescription Medication for Mental Health And/Or Received Counseling or Therapy, Last 4 Weeks",By State,New Hampshire,2,14,"Sep 2 - Sep 14, 2020",9/2/2020,9/14/2020,25.4,22.5,28.5,22.5 - 28.5,24.3-25.6
"Took Prescription Medication for Mental Health And/Or Received Counseling or Therapy, Last 4 Weeks",By State,New Jersey,2,14,"Sep 2 - Sep 14, 2020",9/2/2020,9/14/2020,20.6,17.5,24,17.5 - 24.0,13.3-22.2
"Took Prescription Medication for Mental Health And/Or Received Counseling or Therapy, Last 4 Weeks",By State,New Mexico,2,14,"Sep 2 - Sep 14, 2020",9/2/2020,9/14/2020,22.2,19.6,25,19.6 - 25.0,13.3-22.2
"Took Prescription Medication for Mental Health And/Or Received Counseling or Therapy, Last 4 Weeks",By State,New York,2,14,"Sep 2 - Sep 14, 2020",9/2/2020,9/14/2020,22.1,18.8,25.7,18.8 - 25.7,13.3-22.2
"Took Prescription Medication for Mental Health And/Or Received Counseling or Therapy, Last 4 Weeks",By State,North Carolina,2,14,"Sep 2 - Sep 14, 2020",9/2/2020,9/14/2020,24.1,20.4,28,20.4 - 28.0,22.3-24.2
"Took Prescription Medication for Mental Health And/Or Received Counseling or Therapy, Last 4 Weeks",By State,North Dakota,2,14,"Sep 2 - Sep 14, 2020",9/2/2020,9/14/2020,16.5,13.8,19.4,13.8 - 19.4,13.3-22.2
"Took Prescription Medication for Mental Health And/Or Received Counseling or Therapy, Last 4 Weeks",By State,Ohio,2,14,"Sep 2 - Sep 14, 2020",9/2/2020,9/14/2020,23.8,20.5,27.5,20.5 - 27.5,22.3-24.2
"Took Prescription Medication for Mental Health And/Or Received Counseling or Therapy, Last 4 Weeks",By State,Oklahoma,2,14,"Sep 2 - Sep 14, 2020",9/2/2020,9/14/2020,25.1,21.7,28.7,21.7 - 28.7,24.3-25.6
"Took Prescription Medication for Mental Health And/Or Received Counseling or Therapy, Last 4 Weeks",By State,Oregon,2,14,"Sep 2 - Sep 14, 2020",9/2/2020,9/14/2020,25.2,23.2,27.2,23.2 - 27.2,24.3-25.6
"Took Prescription Medication for Mental Health And/Or Received Counseling or Therapy, Last 4 Weeks",By State,Pennsylvania,2,14,"Sep 2 - Sep 14, 2020",9/2/2020,9/14/2020,23.1,20.4,25.9,20.4 - 25.9,22.3-24.2
"Took Prescription Medication for Mental Health And/Or Received Counseling or Therapy, Last 4 Weeks",By State,Rhode Island,2,14,"Sep 2 - Sep 14, 2020",9/2/2020,9/14/2020,26.2,22.6,30.1,22.6 - 30.1,25.7-33.0
"Took Prescription Medication for Mental Health And/Or Received Counseling or Therapy, Last 4 Weeks",By State,South Carolina,2,14,"Sep 2 - Sep 14, 2020",9/2/2020,9/14/2020,25.2,21.3,29.4,21.3 - 29.4,24.3-25.6
"Took Prescription Medication for Mental Health And/Or Received Counseling or Therapy, Last 4 Weeks",By State,South Dakota,2,14,"Sep 2 - Sep 14, 2020",9/2/2020,9/14/2020,22.2,18.6,26.1,18.6 - 26.1,13.3-22.2
"Took Prescription Medication for Mental Health And/Or Received Counseling or Therapy, Last 4 Weeks",By State,Tennessee,2,14,"Sep 2 - Sep 14, 2020",9/2/2020,9/14/2020,22.4,19.8,25.2,19.8 - 25.2,22.3-24.2
"Took Prescription Medication for Mental Health And/Or Received Counseling or Therapy, Last 4 Weeks",By State,Texas,2,14,"Sep 2 - Sep 14, 2020",9/2/2020,9/14/2020,21.4,19.4,23.4,19.4 - 23.4,13.3-22.2
"Took Prescription Medication for Mental Health And/Or Received Counseling or Therapy, Last 4 Weeks",By State,Utah,2,14,"Sep 2 - Sep 14, 2020",9/2/2020,9/14/2020,26,23.4,28.7,23.4 - 28.7,25.7-33.0
"Took Prescription Medication for Mental Health And/Or Received Counseling or Therapy, Last 4 Weeks",By State,Vermont,2,14,"Sep 2 - Sep 14, 2020",9/2/2020,9/14/2020,27.2,23.3,31.5,23.3 - 31.5,25.7-33.0
